meta_idx,date_accessed,URL,citation
1,2023-03-24,https://doi.org/10.1594/PANGAEA.772489,"Anonymous (2001): Hydrochemistry measured on water bottle samples during cruise SEVER30. PANGAEA, https://doi.org/10.1594/PANGAEA.772489, In: Nikiforov, Sergey L; Colony, Roger; Timokhov, Leonid (2001): Hydrochemical Atlas of the Arctic Ocean. Arctic and Antarctic Research Institute of the Russian Federal Service for Hydrometeorology and Environmental Monitoring, International Arctic Research Center, University of Alaska, Fairbanks, St. Petersburg, PANGAEA, https://doi.org/10.1594/PANGAEA.691332"
2,2023-03-24,https://doi.org/10.1594/PANGAEA.675509,"Augstein, Ernst; Rohardt, Gerd (2008): Continuous thermosalinograph oceanography along POLARSTERN cruise track ARK-XII. Alfred Wegener Institute, Helmholtz Centre for Polar and Marine Research, Bremerhaven, PANGAEA, https://doi.org/10.1594/PANGAEA.675509"
3,2023-03-24,https://doi.org/10.1594/PANGAEA.907270,"Bajnai, David; Fiebig, Jens; Price, Gregory D (2019): Clumped isotope measurements of Early Cretaceous belemnites across latitudes. PANGAEA, https://doi.org/10.1594/PANGAEA.907273"
4,2023-03-24,https://doi.org/10.1594/PANGAEA.907257,"Bajnai, David; Fiebig, Jens; Price, Gregory D (2019): Clumped isotope measurements of Early Cretaceous belemnites across latitudes. PANGAEA, https://doi.org/10.1594/PANGAEA.907273"
5,2023-03-24,https://doi.org/10.1594/PANGAEA.907257,"Bajnai, David; Fiebig, Jens; Price, Gregory D (2019): Clumped isotope measurements of Early Cretaceous belemnites across latitudes, data sheet. PANGAEA, https://doi.org/10.1594/PANGAEA.907257, In: Bajnai, D et al. (2019): Clumped isotope measurements of Early Cretaceous belemnites across latitudes. PANGAEA, https://doi.org/10.1594/PANGAEA.907273"
6,2023-03-24,https://doi.org/10.1594/PANGAEA.901825,"Baranowski, Ulrike Katharina (2019): Test-size diameters of 36 extant planktonic foraminiferal species, global oceans. PANGAEA, https://doi.org/10.1594/PANGAEA.901825, Supplement to: Baranowski, UK (2013): Phylogenetic significance of test morphology and ultrastructure in recent planktonic Foraminifera inferred from cladistic analyses. Eberhard Karls University Tübingen, 1-99"
7,2023-03-24,https://doi.org/10.1594/PANGAEA.787102,"Barke, Judith; van der Burgh, Johan; van Konijnenburg-van Cittert, Johanna H A; Collinson, Margaret E; Pearce, Martin A; Bujak, Jonathan; Heilmann-Clausen, Claus; Speelman, Eveline N; van Kempen, Monique M L; Reichart, Gert-Jan; Lotter, André F; Brinkhuis, Henk (2012): (Table 3) Relative abundance of Azolla spp., peridinoid dinocysts, gonyaulacoid dinocysts, non-saccate pollen, bisaccate pollen and spores from the Lomonosov Ridge during different Arctic coring expeditions. PANGAEA, https://doi.org/10.1594/PANGAEA.787102, In supplement to: Barke, J et al. (2012): Coeval Eocene blooms of the freshwater fern Azolla in and around Arctic and Nordic seas. Palaeogeography, Palaeoclimatology, Palaeoecology, 337-338, 108-119, https://doi.org/10.1016/j.palaeo.2012.04.002"
8,2023-03-24,https://doi.org/10.1594/PANGAEA.787102,"Barke, Judith; van der Burgh, Johan; van Konijnenburg-van Cittert, Johanna H A; Collinson, Margaret E; Pearce, Martin A; Bujak, Jonathan; Heilmann-Clausen, Claus; Speelman, Eveline N; van Kempen, Monique M L; Reichart, Gert-Jan; Lotter, André F; Brinkhuis, Henk (2012): Freshwater fern Azolla in and around Arctic and Nordic seas. PANGAEA, https://doi.org/10.1594/PANGAEA.787105, Supplement to: Barke, J et al. (2012): Coeval Eocene blooms of the freshwater fern Azolla in and around Arctic and Nordic seas. Palaeogeography, Palaeoclimatology, Palaeoecology, 337-338, 108-119, https://doi.org/10.1016/j.palaeo.2012.04.002"
9,2023-03-24,https://doi.org/10.1594/PANGAEA.787096,"Barke, Judith; van der Burgh, Johan; van Konijnenburg-van Cittert, Johanna H A; Collinson, Margaret E; Pearce, Martin A; Bujak, Jonathan; Heilmann-Clausen, Claus; Speelman, Eveline N; van Kempen, Monique M L; Reichart, Gert-Jan; Lotter, André F; Brinkhuis, Henk (2012): Freshwater fern Azolla in and around Arctic and Nordic seas. PANGAEA, https://doi.org/10.1594/PANGAEA.787105, Supplement to: Barke, J et al. (2012): Coeval Eocene blooms of the freshwater fern Azolla in and around Arctic and Nordic seas. Palaeogeography, Palaeoclimatology, Palaeoecology, 337-338, 108-119, https://doi.org/10.1016/j.palaeo.2012.04.002"
10,2023-03-24,https://doi.org/10.1594/PANGAEA.775207,"Baturin, Gleb N (1975): (Table 36) Chemical and radiochemical compositions of Fe-Mn nodules from seas and oceans. P.P. Shirshov Institute of Oceanology, Russian Academy of Sciences, Moscow, PANGAEA, https://doi.org/10.1594/PANGAEA.775207, In supplement to: Baturin, GN (1975): Uran v Sovremennom Morskom Osadkoobrazovanii (Uranium in recent marine sedimentation). Atomizdat (Moscow), 152 pp"
11,2023-03-24,https://doi.org/10.1594/PANGAEA.85209,"Bauch, Dorothea (1995): Physical and chemical oceanography in the Arctic Ocean. PANGAEA, https://doi.org/10.1594/PANGAEA.761145, Supplement to: Bauch, D (1995): The distribution of d18O in the Arctic Ocean: implications for the freshwater balance of the halocline and the sources of deep and bottom waters (Die Verteilung von d18O im Arktischen Ozean: Implikationen für die Süßwasserbilanz der Halokline und die Quellen des Tiefen- und Bodenwassers). Berichte zur Polarforschung = Reports on Polar Research, 159, 144 pp, https://doi.org/10.2312/BzP_0159_1995"
12,2023-03-24,https://doi.org/10.1594/PANGAEA.85202,"Bauch, Dorothea (1995): Physical and chemical oceanography in the Arctic Ocean. PANGAEA, https://doi.org/10.1594/PANGAEA.761145, Supplement to: Bauch, D (1995): The distribution of d18O in the Arctic Ocean: implications for the freshwater balance of the halocline and the sources of deep and bottom waters (Die Verteilung von d18O im Arktischen Ozean: Implikationen für die Süßwasserbilanz der Halokline und die Quellen des Tiefen- und Bodenwassers). Berichte zur Polarforschung = Reports on Polar Research, 159, 144 pp, https://doi.org/10.2312/BzP_0159_1995"
13,2023-03-24,https://doi.org/10.1594/PANGAEA.85201,"Bauch, Dorothea (1995): Physical and chemical oceanography in the Arctic Ocean. PANGAEA, https://doi.org/10.1594/PANGAEA.761145, Supplement to: Bauch, D (1995): The distribution of d18O in the Arctic Ocean: implications for the freshwater balance of the halocline and the sources of deep and bottom waters (Die Verteilung von d18O im Arktischen Ozean: Implikationen für die Süßwasserbilanz der Halokline und die Quellen des Tiefen- und Bodenwassers). Berichte zur Polarforschung = Reports on Polar Research, 159, 144 pp, https://doi.org/10.2312/BzP_0159_1995"
14,2023-03-24,https://doi.org/10.1594/PANGAEA.85190,"Bauch, Dorothea (1995): Physical and chemical oceanography in the Arctic Ocean. PANGAEA, https://doi.org/10.1594/PANGAEA.761145, Supplement to: Bauch, D (1995): The distribution of d18O in the Arctic Ocean: implications for the freshwater balance of the halocline and the sources of deep and bottom waters (Die Verteilung von d18O im Arktischen Ozean: Implikationen für die Süßwasserbilanz der Halokline und die Quellen des Tiefen- und Bodenwassers). Berichte zur Polarforschung = Reports on Polar Research, 159, 144 pp, https://doi.org/10.2312/BzP_0159_1995"
15,2023-03-24,https://doi.org/10.1594/PANGAEA.56145,"Bauch, Dorothea (1995): Physical and chemical oceanography in the Arctic Ocean. PANGAEA, https://doi.org/10.1594/PANGAEA.761145, Supplement to: Bauch, D (1995): The distribution of d18O in the Arctic Ocean: implications for the freshwater balance of the halocline and the sources of deep and bottom waters (Die Verteilung von d18O im Arktischen Ozean: Implikationen für die Süßwasserbilanz der Halokline und die Quellen des Tiefen- und Bodenwassers). Berichte zur Polarforschung = Reports on Polar Research, 159, 144 pp, https://doi.org/10.2312/BzP_0159_1995"
16,2023-03-24,https://doi.org/10.1594/PANGAEA.56144,"Bauch, Dorothea (1995): Physical and chemical oceanography in the Arctic Ocean. PANGAEA, https://doi.org/10.1594/PANGAEA.761145, Supplement to: Bauch, D (1995): The distribution of d18O in the Arctic Ocean: implications for the freshwater balance of the halocline and the sources of deep and bottom waters (Die Verteilung von d18O im Arktischen Ozean: Implikationen für die Süßwasserbilanz der Halokline und die Quellen des Tiefen- und Bodenwassers). Berichte zur Polarforschung = Reports on Polar Research, 159, 144 pp, https://doi.org/10.2312/BzP_0159_1995"
17,2023-03-24,https://doi.org/10.1594/PANGAEA.870918,"Bilal, Muhammad; Nazeer, Majid; Nichol, Janet E; Wong, Man Sing; Bleiweiss, Max (2017): Average surface color reflectance of water surfaces after application of Atmospheric Correction (SiTAC). PANGAEA, https://doi.org/10.1594/PANGAEA.870922"
18,2023-03-24,https://doi.org/10.1594/PANGAEA.870919,"Bilal, Muhammad; Nazeer, Majid; Nichol, Janet E; Wong, Man Sing; Bleiweiss, Max (2017): Average surface color reflectance of water surfaces after application of Atmospheric Correction (SiTAC). PANGAEA, https://doi.org/10.1594/PANGAEA.870922"
19,2023-03-24,https://doi.org/10.1594/PANGAEA.870920,"Bilal, Muhammad; Nazeer, Majid; Nichol, Janet E; Wong, Man Sing; Bleiweiss, Max (2017): Average surface color reflectance of water surfaces after application of Atmospheric Correction (SiTAC). PANGAEA, https://doi.org/10.1594/PANGAEA.870922"
20,2023-03-24,https://doi.org/10.1594/PANGAEA.870921,"Bilal, Muhammad; Nazeer, Majid; Nichol, Janet E; Wong, Man Sing; Bleiweiss, Max (2017): Average surface color reflectance of water surfaces after application of Atmospheric Correction (SiTAC). PANGAEA, https://doi.org/10.1594/PANGAEA.870922"
21,2023-03-24,https://doi.org/10.1594/PANGAEA.778246,"Boetius, Antje (2012): Litter sightings along ROV dive-transects at three European cold-seep sites (Håkon Mosby Mud Volcano, Amon Mud Volcano and Amsterdam Mud Volcano) from expeditions ARK-XXIV/2, MSM13/3 and MSM13/4. Alfred Wegener Institute, Helmholtz Centre for Polar and Marine Research, Bremerhaven, PANGAEA, https://doi.pangaea.de/10.1594/PANGAEA.778246 (unpublished dataset)"
22,2023-03-24,https://doi.org/10.1594/PANGAEA.796209,"Boetius, Antje; ARK-XXVII/3 Shipboard Scientific Party (2013): Track of POLARSTERN cruise ARK-XXVII/3 (IceArc) with links to navigation files in 1 and 10 sec interval. Alfred Wegener Institute, Helmholtz Centre for Polar and Marine Research, Bremerhaven, PANGAEA, https://doi.org/10.1594/PANGAEA.796209, In supplement to: Boetius, Antje; Albrecht, Sebastian; Bakker, Karel; Bienhold, Christina; Felden, Janine; Fernández-Méndez, Mar; Hendricks, Stefan; Katlein, Christian; Lalande, Catherine; Krumpen, Thomas; Nicolaus, Marcel; Peeken, Ilka; Rabe, Benjamin; Rogacheva, Antonina; Rybakova, Elena; Somavilla Cabrillo, Raquel; Wenzhöfer, Frank; ARK-XXVII/3 Shipboard Scientific Party (2013): Export of algal biomass from the melting Arctic sea ice. Science, 339(6126), 1430-1432, https://doi.org/10.1126/science.1231346"
23,2023-03-24,https://doi.org/10.1594/PANGAEA.803293,NA
24,2023-03-24,https://doi.org/10.1594/PANGAEA.808835,"Boetius, Antje; Rohardt, Gerd (2013): Continuous thermosalinograph oceanography along POLARSTERN cruise track ARK-XXVII/3. Alfred Wegener Institute, Helmholtz Centre for Polar and Marine Research, Bremerhaven, PANGAEA, https://doi.org/10.1594/PANGAEA.808835"
25,2023-03-24,https://doi.org/10.1594/PANGAEA.873145,"Boetius, Antje; Rohardt, Gerd (2017): Continuous thermosalinograph oceanography along POLARSTERN cruise track PS101 (ARK-XXX/3). Alfred Wegener Institute, Helmholtz Centre for Polar and Marine Research, Bremerhaven, PANGAEA, https://doi.org/10.1594/PANGAEA.873145"
26,2023-03-24,https://doi.org/10.1594/PANGAEA.897561,"Bonne, Jean-Louis; Werner, Martin; Meyer, Hanno; Kipfstuhl, Sepp; Rabe, Benjamin; Behrens, Melanie; Schönicke, Lutz; Steen-Larsen, Hans Christian; Horn, Myriel; Steinmacher, Bermann (2019): Water vapour isotopes analyser calibrated data from POLARSTERN cruise PS101. PANGAEA, https://doi.org/10.1594/PANGAEA.897561, In: Bonne, Jean-Louis; Werner, Martin; Meyer, Hanno; Kipfstuhl, Sepp; Rabe, Benjamin; Behrens, Melanie; Schönicke, Lutz; Steen-Larsen, Hans Christian; Arndt, Stefanie; Bohlmann, Stephanie; Burkhardt, Elke; Engelmann, Ronny; Flau, Michael; Goedecke, Julia; Haarig, Moritz; Hampe, Hendrik; Heuzé, Céline; Hoppmann, Mario; Horn, Myriel; Kalesse, Heike; Lembke-Jene, Lester; Nikolopoulos, Anna; Rossmann, Leonard; Schlindwein, Vera; Steinmacher, Bermann; Tippenhauer, Sandra; Valk, Ole (2019): Near-surface atmospheric vapour and oceanic surface water isotopic compositions calibrated data from POLARSTERN cruises, 2015-2017. PANGAEA, https://doi.org/10.1594/PANGAEA.897578"
27,2023-03-24,https://doi.org/10.1594/PANGAEA.897566,"Bonne, Jean-Louis; Werner, Martin; Meyer, Hanno; Kipfstuhl, Sepp; Rabe, Benjamin; Behrens, Melanie; Schönicke, Lutz; Steen-Larsen, Hans Christian; Nikolopoulos, Anna; Heuzé, Céline (2019): Water vapour isotopes analyser calibrated data from POLARSTERN cruise PS106. PANGAEA, https://doi.org/10.1594/PANGAEA.897566, In: Bonne, Jean-Louis; Werner, Martin; Meyer, Hanno; Kipfstuhl, Sepp; Rabe, Benjamin; Behrens, Melanie; Schönicke, Lutz; Steen-Larsen, Hans Christian; Arndt, Stefanie; Bohlmann, Stephanie; Burkhardt, Elke; Engelmann, Ronny; Flau, Michael; Goedecke, Julia; Haarig, Moritz; Hampe, Hendrik; Heuzé, Céline; Hoppmann, Mario; Horn, Myriel; Kalesse, Heike; Lembke-Jene, Lester; Nikolopoulos, Anna; Rossmann, Leonard; Schlindwein, Vera; Steinmacher, Bermann; Tippenhauer, Sandra; Valk, Ole (2019): Near-surface atmospheric vapour and oceanic surface water isotopic compositions calibrated data from POLARSTERN cruises, 2015-2017. PANGAEA, https://doi.org/10.1594/PANGAEA.897578"
28,2023-03-24,https://doi.org/10.1594/PANGAEA.939877,"Bonne, Jean-Louis; Werner, Martin; Meyer, Hanno; Rabe, Benjamin; Kipfstuhl, Sepp; Weiner, Mikaela; Horn, Myriel; Steinmacher, Bermann (2022): Oceanic surface water isotopic compositions calibrated data from POLARSTERN cruise PS101. PANGAEA, https://doi.org/10.1594/PANGAEA.939877, In: Bonne, Jean-Louis; Werner, Martin; Meyer, Hanno; Kipfstuhl, Sepp; Rabe, Benjamin; Behrens, Melanie; Schönicke, Lutz; Steen-Larsen, Hans Christian; Arndt, Stefanie; Bohlmann, Stephanie; Burkhardt, Elke; Engelmann, Ronny; Flau, Michael; Goedecke, Julia; Haarig, Moritz; Hampe, Hendrik; Heuzé, Céline; Hoppmann, Mario; Horn, Myriel; Kalesse, Heike; Lembke-Jene, Lester; Nikolopoulos, Anna; Rossmann, Leonard; Schlindwein, Vera; Steinmacher, Bermann; Tippenhauer, Sandra; Valk, Ole (2019): Near-surface atmospheric vapour and oceanic surface water isotopic compositions calibrated data from POLARSTERN cruises, 2015-2017. PANGAEA, https://doi.org/10.1594/PANGAEA.897578"
29,2023-03-24,https://doi.org/10.1594/PANGAEA.939882,"Bonne, Jean-Louis; Werner, Martin; Meyer, Hanno; Rabe, Benjamin; Kipfstuhl, Sepp; Weiner, Mikaela; Nikolopoulos, Anna; Heuzé, Céline (2022): Oceanic surface water isotopic compositions calibrated data from POLARSTERN cruise PS106. PANGAEA, https://doi.org/10.1594/PANGAEA.939882, In: Bonne, Jean-Louis; Werner, Martin; Meyer, Hanno; Kipfstuhl, Sepp; Rabe, Benjamin; Behrens, Melanie; Schönicke, Lutz; Steen-Larsen, Hans Christian; Arndt, Stefanie; Bohlmann, Stephanie; Burkhardt, Elke; Engelmann, Ronny; Flau, Michael; Goedecke, Julia; Haarig, Moritz; Hampe, Hendrik; Heuzé, Céline; Hoppmann, Mario; Horn, Myriel; Kalesse, Heike; Lembke-Jene, Lester; Nikolopoulos, Anna; Rossmann, Leonard; Schlindwein, Vera; Steinmacher, Bermann; Tippenhauer, Sandra; Valk, Ole (2019): Near-surface atmospheric vapour and oceanic surface water isotopic compositions calibrated data from POLARSTERN cruises, 2015-2017. PANGAEA, https://doi.org/10.1594/PANGAEA.897578"
30,2023-03-24,https://doi.org/10.1594/PANGAEA.939867,"Bonne, Jean-Louis; Werner, Martin; Meyer, Hanno; Rabe, Benjamin; Kipfstuhl, Sepp; Weiner, Mikaela; Hoppmann, Mario; Hampe, Hendrik (2022): Oceanic surface water isotopic compositions calibrated data from POLARSTERN cruise PS94 (ARK-XXIX/3). PANGAEA, https://doi.org/10.1594/PANGAEA.939867, In: Bonne, Jean-Louis; Werner, Martin; Meyer, Hanno; Kipfstuhl, Sepp; Rabe, Benjamin; Behrens, Melanie; Schönicke, Lutz; Steen-Larsen, Hans Christian; Arndt, Stefanie; Bohlmann, Stephanie; Burkhardt, Elke; Engelmann, Ronny; Flau, Michael; Goedecke, Julia; Haarig, Moritz; Hampe, Hendrik; Heuzé, Céline; Hoppmann, Mario; Horn, Myriel; Kalesse, Heike; Lembke-Jene, Lester; Nikolopoulos, Anna; Rossmann, Leonard; Schlindwein, Vera; Steinmacher, Bermann; Tippenhauer, Sandra; Valk, Ole (2019): Near-surface atmospheric vapour and oceanic surface water isotopic compositions calibrated data from POLARSTERN cruises, 2015-2017. PANGAEA, https://doi.org/10.1594/PANGAEA.897578"
31,2023-03-24,https://doi.org/10.1594/PANGAEA.899284,"Bracher, Astrid (2019): Phytoplankton pigment concentration and phytoplankton groups measured on water samples obtained during POLARSTERN cruise PS106 in the Arctic Ocean. Alfred Wegener Institute, Helmholtz Centre for Polar and Marine Research, Bremerhaven, PANGAEA, https://doi.org/10.1594/PANGAEA.899284"
32,2023-03-24,https://doi.org/10.1594/PANGAEA.208087,"Browicz, Kazimierz; Traiser, Christopher (2004): Chorology of 15 extant species of Acer in south-west Asia. PANGAEA, https://doi.pangaea.de/10.1594/PANGAEA.208087 (unpublished dataset)"
33,2023-03-24,https://doi.org/10.1594/PANGAEA.951424,"Brunello, Camilla F; Werner, Martin; Meyer, Hanno; Mellat, Moein; Bonne, Jean-Louis (2022): Continuous near-surface atmospheric water vapour isotopic composition from Polarstern cruise PS122-1 (MOSAiC). PANGAEA, https://doi.org/10.1594/PANGAEA.951424"
34,2023-03-24,https://doi.org/10.1594/PANGAEA.952913,"Bruni, Elena T; Blattmann, Thomas Michael; Haghipour, Negar; Louw, Deon; Mark, Lever; Eglinton, Timothy Ian (2022): Sedimentary hydrodynamic processes under low-oxygen conditions: implications for past, present, and future oceans. PANGAEA, https://doi.org/10.1594/PANGAEA.952939"
35,2023-03-24,https://doi.org/10.1594/PANGAEA.952932,"Bruni, Elena T; Blattmann, Thomas Michael; Haghipour, Negar; Louw, Deon; Mark, Lever; Eglinton, Timothy Ian (2022): Sedimentary hydrodynamic processes under low-oxygen conditions: implications for past, present, and future oceans. PANGAEA, https://doi.org/10.1594/PANGAEA.952939"
36,2023-03-24,https://doi.org/10.1594/PANGAEA.952679,"Bruni, Elena T; Blattmann, Thomas Michael; Haghipour, Negar; Louw, Deon; Mark, Lever; Eglinton, Timothy Ian (2022): Sedimentary hydrodynamic processes under low-oxygen conditions: implications for past, present, and future oceans. PANGAEA, https://doi.org/10.1594/PANGAEA.952939"
37,2023-03-24,https://doi.org/10.1594/PANGAEA.952758,"Bruni, Elena T; Blattmann, Thomas Michael; Haghipour, Negar; Louw, Deon; Mark, Lever; Eglinton, Timothy Ian (2022): Sedimentary hydrodynamic processes under low-oxygen conditions: implications for past, present, and future oceans. PANGAEA, https://doi.org/10.1594/PANGAEA.952939"
38,2023-03-24,https://doi.org/10.1594/PANGAEA.952920,"Bruni, Elena T; Blattmann, Thomas Michael; Haghipour, Negar; Louw, Deon; Mark, Lever; Eglinton, Timothy Ian (2022): Sedimentary hydrodynamic processes under low-oxygen conditions: implications for past, present, and future oceans. PANGAEA, https://doi.org/10.1594/PANGAEA.952939"
39,2023-03-24,https://doi.org/10.1594/PANGAEA.952665,"Bruni, Elena T; Blattmann, Thomas Michael; Haghipour, Negar; Louw, Deon; Mark, Lever; Eglinton, Timothy Ian (2022): Sedimentary hydrodynamic processes under low-oxygen conditions: implications for past, present, and future oceans. PANGAEA, https://doi.org/10.1594/PANGAEA.952939"
40,2023-03-24,https://doi.org/10.1594/PANGAEA.952911,"Bruni, Elena T; Blattmann, Thomas Michael; Haghipour, Negar; Louw, Deon; Mark, Lever; Eglinton, Timothy Ian (2022): Sedimentary hydrodynamic processes under low-oxygen conditions: implications for past, present, and future oceans. PANGAEA, https://doi.org/10.1594/PANGAEA.952939"
41,2023-03-24,https://doi.org/10.1594/PANGAEA.954834,"Bruni, Elena T; Blattmann, Thomas Michael; Haghipour, Negar; Louw, Deon; Mark, Lever; Eglinton, Timothy Ian (2022): Sedimentary hydrodynamic processes under low-oxygen conditions: implications for past, present, and future oceans. PANGAEA, https://doi.org/10.1594/PANGAEA.952939"
42,2023-03-24,https://doi.org/10.1594/PANGAEA.952452,"Bruni, Elena T; Blattmann, Thomas Michael; Haghipour, Negar; Louw, Deon; Mark, Lever; Eglinton, Timothy Ian (2022): Sedimentary hydrodynamic processes under low-oxygen conditions: implications for past, present, and future oceans. PANGAEA, https://doi.org/10.1594/PANGAEA.952939"
43,2023-03-24,https://doi.org/10.1594/PANGAEA.951801,"Bruni, Elena T; Blattmann, Thomas Michael; Haghipour, Negar; Louw, Deon; Mark, Lever; Eglinton, Timothy Ian (2022): Sedimentary hydrodynamic processes under low-oxygen conditions: implications for past, present, and future oceans. PANGAEA, https://doi.org/10.1594/PANGAEA.952939"
44,2023-03-24,https://doi.org/10.1594/PANGAEA.952502,"Bruni, Elena T; Blattmann, Thomas Michael; Haghipour, Negar; Louw, Deon; Mark, Lever; Eglinton, Timothy Ian (2022): Sedimentary hydrodynamic processes under low-oxygen conditions: implications for past, present, and future oceans. PANGAEA, https://doi.org/10.1594/PANGAEA.952939"
45,2023-03-24,https://doi.org/10.1594/PANGAEA.952428,"Bruni, Elena T; Blattmann, Thomas Michael; Haghipour, Negar; Louw, Deon; Mark, Lever; Eglinton, Timothy Ian (2022): Sedimentary hydrodynamic processes under low-oxygen conditions: implications for past, present, and future oceans. PANGAEA, https://doi.org/10.1594/PANGAEA.952939"
46,2023-03-24,https://doi.org/10.1594/PANGAEA.952522,"Bruni, Elena T; Blattmann, Thomas Michael; Haghipour, Negar; Louw, Deon; Mark, Lever; Eglinton, Timothy Ian (2022): Sedimentary hydrodynamic processes under low-oxygen conditions: implications for past, present, and future oceans. PANGAEA, https://doi.org/10.1594/PANGAEA.952939"
47,2023-03-24,https://doi.org/10.1594/PANGAEA.952433,"Bruni, Elena T; Blattmann, Thomas Michael; Haghipour, Negar; Louw, Deon; Mark, Lever; Eglinton, Timothy Ian (2022): Sedimentary hydrodynamic processes under low-oxygen conditions: implications for past, present, and future oceans. PANGAEA, https://doi.org/10.1594/PANGAEA.952939"
48,2023-03-24,https://doi.org/10.1594/PANGAEA.952662,"Bruni, Elena T; Blattmann, Thomas Michael; Haghipour, Negar; Louw, Deon; Mark, Lever; Eglinton, Timothy Ian (2022): Sedimentary hydrodynamic processes under low-oxygen conditions: implications for past, present, and future oceans. PANGAEA, https://doi.org/10.1594/PANGAEA.952939"
49,2023-03-24,https://doi.org/10.1594/PANGAEA.952445,"Bruni, Elena T; Blattmann, Thomas Michael; Haghipour, Negar; Louw, Deon; Mark, Lever; Eglinton, Timothy Ian (2022): Sedimentary hydrodynamic processes under low-oxygen conditions: implications for past, present, and future oceans. PANGAEA, https://doi.org/10.1594/PANGAEA.952939"
50,2023-03-24,https://doi.org/10.1594/PANGAEA.924569,"Burkhardt, Elke (2020): Whale sightings during POLARSTERN cruise PS115/2. PANGAEA, https://doi.org/10.1594/PANGAEA.924569"
51,2023-03-24,https://doi.org/10.1594/PANGAEA.924704,"Burkhardt, Elke (2020): Whale sightings during POLARSTERN cruise PS94 (ARK-XXIX/3). PANGAEA, https://doi.org/10.1594/PANGAEA.924704"
52,2023-03-24,https://doi.org/10.1594/PANGAEA.904170,"Cantoni, Carolina; Hopwood, Mark James; Clarke, Jennifer; Chiggiato, Jacopo; Achterberg, Eric Pieter; Cozzi, Stefano (2019): Hydrological, biogeochemical and carbonate system data in coastal waters and in glacier drainage systems in Kongsfjorden (Svalbard), during July-August 2016. PANGAEA, https://doi.org/10.1594/PANGAEA.904171, Supplement to: Cantoni, Carolina; Clarke, Jennifer; Chiggiato, Jacopo; Achterberg, Eric Pieter; Cozzi, Stefano (2020): Glacial drivers of marine biogeochemistry indicate a future shift to more corrosive conditions in an Arctic fjord. Journal of Geophysical Research: Biogeosciences, https://doi.org/10.1029/2020JG005633"
53,2023-03-24,https://doi.org/10.1594/PANGAEA.904145,"Cantoni, Carolina; Hopwood, Mark James; Clarke, Jennifer; Chiggiato, Jacopo; Achterberg, Eric Pieter; Cozzi, Stefano (2019): Hydrological, biogeochemical and carbonate system data in coastal waters and in glacier drainage systems in Kongsfjorden (Svalbard), during July-August 2016. PANGAEA, https://doi.org/10.1594/PANGAEA.904171, Supplement to: Cantoni, Carolina; Clarke, Jennifer; Chiggiato, Jacopo; Achterberg, Eric Pieter; Cozzi, Stefano (2020): Glacial drivers of marine biogeochemistry indicate a future shift to more corrosive conditions in an Arctic fjord. Journal of Geophysical Research: Biogeosciences, https://doi.org/10.1029/2020JG005633"
54,2023-03-24,https://doi.org/10.1594/PANGAEA.924281,"Cantoni, Carolina; Hopwood, Mark James; Clarke, Jennifer; Chiggiato, Jacopo; Achterberg, Eric Pieter; Cozzi, Stefano (2019): Hydrological, biogeochemical and carbonate system data in coastal waters and in glacier drainage systems in Kongsfjorden (Svalbard), during July-August 2016. PANGAEA, https://doi.org/10.1594/PANGAEA.904171, Supplement to: Cantoni, Carolina; Clarke, Jennifer; Chiggiato, Jacopo; Achterberg, Eric Pieter; Cozzi, Stefano (2020): Glacial drivers of marine biogeochemistry indicate a future shift to more corrosive conditions in an Arctic fjord. Journal of Geophysical Research: Biogeosciences, https://doi.org/10.1029/2020JG005633"
55,2023-03-24,https://doi.org/10.1594/PANGAEA.904168,"Cantoni, Carolina; Hopwood, Mark James; Clarke, Jennifer; Chiggiato, Jacopo; Achterberg, Eric Pieter; Cozzi, Stefano (2019): Hydrological, biogeochemical and carbonate system data in coastal waters and in glacier drainage systems in Kongsfjorden (Svalbard), during July-August 2016. PANGAEA, https://doi.org/10.1594/PANGAEA.904171, Supplement to: Cantoni, Carolina; Clarke, Jennifer; Chiggiato, Jacopo; Achterberg, Eric Pieter; Cozzi, Stefano (2020): Glacial drivers of marine biogeochemistry indicate a future shift to more corrosive conditions in an Arctic fjord. Journal of Geophysical Research: Biogeosciences, https://doi.org/10.1029/2020JG005633"
56,2023-03-24,https://doi.org/10.1594/PANGAEA.924281,"Cantoni, Carolina; Hopwood, Mark James; Clarke, Jennifer; Chiggiato, Jacopo; Achterberg, Eric Pieter; Cozzi, Stefano (2020): Hydrological, biogeochemical and carbonate system data in coastal waters and in glacier drainage systems in Kongsfjorden (Svalbard), during July-August 2016: CTD profiles. PANGAEA, https://doi.org/10.1594/PANGAEA.924281, In supplement to: Cantoni, Carolina; Clarke, Jennifer; Chiggiato, Jacopo; Achterberg, Eric Pieter; Cozzi, Stefano (2020): Glacial drivers of marine biogeochemistry indicate a future shift to more corrosive conditions in an Arctic fjord. Journal of Geophysical Research: Biogeosciences, https://doi.org/10.1029/2020JG005633"
57,2023-03-24,https://doi.org/10.1594/PANGAEA.773949,"Casey, Kimberly A (2012): Geochemical composition of surface snow, ice and debris from glaciers in Norway, Nepal and New Zealand. PANGAEA, https://doi.org/10.1594/PANGAEA.773951, Supplement to: Casey, KA (in review): Supraglacial dust and debris: geochemical compositions from glaciers in Svalbard, southern Norway, Nepal and New Zealand. Earth System Science Data Discussions, 5(1), 107-145, https://doi.org/10.5194/essdd-5-107-2012"
58,2023-03-24,https://doi.org/10.1594/PANGAEA.773948,"Casey, Kimberly A (2012): Geochemical composition of surface snow, ice and debris from glaciers in Norway, Nepal and New Zealand. PANGAEA, https://doi.org/10.1594/PANGAEA.773951, Supplement to: Casey, KA (in review): Supraglacial dust and debris: geochemical compositions from glaciers in Svalbard, southern Norway, Nepal and New Zealand. Earth System Science Data Discussions, 5(1), 107-145, https://doi.org/10.5194/essdd-5-107-2012"
59,2023-03-24,https://doi.org/10.1594/PANGAEA.773948,"Casey, Kimberly A (2012): Snow and ice trace elemental abundances from glaciers in Norway, Nepal and New Zealand. PANGAEA, https://doi.org/10.1594/PANGAEA.773948, In supplement to: Casey, KA (in review): Supraglacial dust and debris: geochemical compositions from glaciers in Svalbard, southern Norway, Nepal and New Zealand. Earth System Science Data Discussions, 5(1), 107-145, https://doi.org/10.5194/essdd-5-107-2012"
60,2023-03-24,https://doi.org/10.1594/PANGAEA.864909,"Cauquoin, Alexandre; Jean-Baptiste, Philippe; Risi, Camille; Fourré, Elise; Landais, Amaelle (2016): Bomb-tritium input function calculated from the details of the nuclear atmospheric bomb tests released by the UNSCEAR [2000]. PANGAEA, https://doi.org/10.1594/PANGAEA.864909, Supplement to: Cauquoin, A et al. (2016): Modeling the global bomb-tritium transient signal with the AGCM LMDZ-iso: a method to evaluate aspects of the hydrological cycle. Journal of Geophysical Research: Atmospheres, 121(21), 12612-12629, https://doi.org/10.1002/2016JD025484"
61,2023-03-24,https://doi.org/10.1594/PANGAEA.680872,"DWD (1972): Meteorological synoptical observations during Meteor cruise M27. Deutscher Wetterdienst/Seewetteramt, Offenbach/Hamburg, PANGAEA, https://doi.org/10.1594/PANGAEA.680872"
62,2023-03-24,https://doi.org/10.1594/PANGAEA.680897,"DWD (1979): Meteorological synoptical observations during Meteor cruise M52. Deutscher Wetterdienst/Seewetteramt, Offenbach/Hamburg, PANGAEA, https://doi.org/10.1594/PANGAEA.680897"
63,2023-03-24,https://doi.org/10.1594/PANGAEA.857279,"Degen, Renate; Jørgensen, Lis Lindal; Ljubin, Pavel; Ellingsen, Ingrid H; Pehlke, Hendrik; Brey, Thomas (2016): Abundance, biomass and secondary production of benthic megafauna on the Barents Sea shelf in 2008 and 2009. PANGAEA, https://doi.org/10.1594/PANGAEA.857279, Supplement to: Degen, R et al. (2016): Patterns and drivers of megabenthic secondary production on the Barents Sea shelf. Marine Ecology Progress Series, 546, 1-16, https://doi.org/10.3354/meps11662"
64,2023-03-24,https://doi.org/10.1594/PANGAEA.859894,"Dorschel, Boris; Jensen, Laura (2016): Swath sonar bathymetry during POLARSTERN cruise ARK-XXVII/3 with links to multibeam raw data files. Alfred Wegener Institute, Helmholtz Centre for Polar and Marine Research, Bremerhaven, PANGAEA, https://doi.org/10.1594/PANGAEA.859894"
65,2023-03-24,https://doi.org/10.1594/PANGAEA.859900,"Dorschel, Boris; Jensen, Laura (2016): Swath sonar bathymetry during POLARSTERN cruise PS94 (ARK-XXIX/3) with links to multibeam raw data files. Alfred Wegener Institute, Helmholtz Centre for Polar and Marine Research, Bremerhaven, PANGAEA, https://doi.org/10.1594/PANGAEA.859900"
66,2023-03-24,https://doi.org/10.1594/PANGAEA.871047,"Dorschel, Boris; Jensen, Laura (2017): Swath sonar bathymetry during POLARSTERN cruise PS101 (ARK-XXX/3) with links to multibeam raw data files. Alfred Wegener Institute, Helmholtz Centre for Polar and Marine Research, Bremerhaven, PANGAEA, https://doi.org/10.1594/PANGAEA.871047"
67,2023-03-24,https://doi.org/10.1594/PANGAEA.728762,"Ertefai, Tobias F (2009): (Appendix 1) Stable carbon and hydrogen data of different settings. PANGAEA, https://doi.org/10.1594/PANGAEA.728762, In supplement to: Ertefai, Tobias F; Heuer, Verena B; Prieto-Mollar, Xavier; Vogt, Christoph; Sylva, Sean P; Seewald, Jeffrey S; Hinrichs, Kai-Uwe (2010): The biogeochemistry of sorbed methane in marine sediments. Geochimica et Cosmochimica Acta, 74, 6033-6048, https://doi.org/10.1016/j.gca.2010.08.006"
68,2023-03-24,https://doi.org/10.1594/PANGAEA.728748,"Ertefai, Tobias F; Heuer, Verena B; Prieto-Mollar, Xavier; Vogt, Christoph; Sylva, Sean P; Seewald, Jeffrey S; Hinrichs, Kai-Uwe (2010): (Appendix 1-4) Geochemistry, desorption methods, TOC, TC, and mineral content of different settings. PANGAEA, https://doi.org/10.1594/PANGAEA.746477, Supplement to: Ertefai, TF et al. (2010): The biogeochemistry of sorbed methane in marine sediments. Geochimica et Cosmochimica Acta, 74, 6033-6048, https://doi.org/10.1016/j.gca.2010.08.006"
69,2023-03-24,https://doi.org/10.1594/PANGAEA.728762,"Ertefai, Tobias F; Heuer, Verena B; Prieto-Mollar, Xavier; Vogt, Christoph; Sylva, Sean P; Seewald, Jeffrey S; Hinrichs, Kai-Uwe (2010): (Appendix 1-4) Geochemistry, desorption methods, TOC, TC, and mineral content of different settings. PANGAEA, https://doi.org/10.1594/PANGAEA.746477, Supplement to: Ertefai, TF et al. (2010): The biogeochemistry of sorbed methane in marine sediments. Geochimica et Cosmochimica Acta, 74, 6033-6048, https://doi.org/10.1016/j.gca.2010.08.006"
70,2023-03-24,https://doi.org/10.1594/PANGAEA.728770,"Ertefai, Tobias F; Heuer, Verena B; Prieto-Mollar, Xavier; Vogt, Christoph; Sylva, Sean P; Seewald, Jeffrey S; Hinrichs, Kai-Uwe (2010): (Appendix 1-4) Geochemistry, desorption methods, TOC, TC, and mineral content of different settings. PANGAEA, https://doi.org/10.1594/PANGAEA.746477, Supplement to: Ertefai, TF et al. (2010): The biogeochemistry of sorbed methane in marine sediments. Geochimica et Cosmochimica Acta, 74, 6033-6048, https://doi.org/10.1016/j.gca.2010.08.006"
71,2023-03-24,https://doi.org/10.1594/PANGAEA.728760,"Ertefai, Tobias F; Heuer, Verena B; Prieto-Mollar, Xavier; Vogt, Christoph; Sylva, Sean P; Seewald, Jeffrey S; Hinrichs, Kai-Uwe (2010): (Appendix 1-4) Geochemistry, desorption methods, TOC, TC, and mineral content of different settings. PANGAEA, https://doi.org/10.1594/PANGAEA.746477, Supplement to: Ertefai, TF et al. (2010): The biogeochemistry of sorbed methane in marine sediments. Geochimica et Cosmochimica Acta, 74, 6033-6048, https://doi.org/10.1016/j.gca.2010.08.006"
72,2023-03-24,https://doi.org/10.1594/PANGAEA.666220,"Fahrbach, Eberhard; Rohardt, Gerd (2007): Continuous thermosalinograph oceanography along POLARSTERN cruise track ARK-XIX/1. Alfred Wegener Institute, Helmholtz Centre for Polar and Marine Research, Bremerhaven, PANGAEA, https://doi.org/10.1594/PANGAEA.666220"
73,2023-03-24,https://doi.org/10.1594/PANGAEA.743515,"Flohn, H (1947): Summer and winter mean temperature profiles through the atmosphere above Siberia (Tab. 1 + 2). PANGAEA, https://doi.org/10.1594/PANGAEA.743515, In supplement to: Flohn, H (1947): Grundzüge der atmosphärischen Zirkulation über Sibirien und dem angrenzenden Polarmeer. Polarforschung, 17(1/2), 143-149, hdl:10013/epic.28966.d001"
74,2023-03-24,https://doi.org/10.1594/PANGAEA.743517,"Flohn, H (1947): Summer and winter mean wind speed profiles through the atmosphere above Siberia (Tab. 3 + 4). PANGAEA, https://doi.org/10.1594/PANGAEA.743517, In supplement to: Flohn, H (1947): Grundzüge der atmosphärischen Zirkulation über Sibirien und dem angrenzenden Polarmeer. Polarforschung, 17(1/2), 143-149, hdl:10013/epic.28966.d001"
75,2023-03-24,https://doi.org/10.1594/PANGAEA.743515,"Flohn, H (1947): Wind and temperature time series above Siberia. PANGAEA, https://doi.org/10.1594/PANGAEA.743518, Supplement to: Flohn, H (1947): Grundzüge der atmosphärischen Zirkulation über Sibirien und dem angrenzenden Polarmeer. Polarforschung, 17(1/2), 143-149, hdl:10013/epic.28966.d001"
76,2023-03-24,https://doi.org/10.1594/PANGAEA.743517,"Flohn, H (1947): Wind and temperature time series above Siberia. PANGAEA, https://doi.org/10.1594/PANGAEA.743518, Supplement to: Flohn, H (1947): Grundzüge der atmosphärischen Zirkulation über Sibirien und dem angrenzenden Polarmeer. Polarforschung, 17(1/2), 143-149, hdl:10013/epic.28966.d001"
77,2023-03-24,https://doi.org/10.1594/PANGAEA.821576,"Frankenberger, E (2014): Meteorological measurements in the upper air during Monte Rosa cruises, ERA-CLIM ID 0011. PANGAEA, https://doi.org/10.1594/PANGAEA.821576, In supplement to: Stickler, Alexander; Brönnimann, Stefan; Jourdain, Sylvie; Roucaute, Eméline; Sterin, Alexander M; Nikolaev, Dmitrii; Valente, Maria Antónia; Wartenburger, Richard; Hersbach, Hans; Ramella Pralungo, Lorenzo; Dee, Dick P (2014): Description of the ERA-CLIM historical upper-air data. Earth System Science Data, 6(1), 29-48, https://doi.org/10.5194/essd-6-29-2014"
78,2023-03-24,https://doi.org/10.1594/PANGAEA.57025,"Fütterer, Dieter K; Rohardt, Gerd (2000): Continuous thermosalinograph oceanography along POLARSTERN cruise track ARK-IX/4. Alfred Wegener Institute, Helmholtz Centre for Polar and Marine Research, Bremerhaven, PANGAEA, https://doi.org/10.1594/PANGAEA.57025"
79,2023-03-24,https://doi.org/10.1594/PANGAEA.940723,"Gaye, Birgit; Lahajnar, Niko; Harms, Natalie; Paul, Sophie Anna Luise; Rixen, Tim; Emeis, Kay-Christian (2022): Amino acids and hexosamines in suspended matter samples collected in different oceanic areas between 1999 and 2017 from shelf seas to the deep ocean. PANGAEA, https://doi.org/10.1594/PANGAEA.940723"
80,2023-03-24,https://doi.org/10.1594/PANGAEA.762798,"Gebhardt, Catalina; Schenke, Hans Werner (2007): Swath sonar bathymetry during POLARSTERN cruise ARK-XXII/2 (PS70) with links to multibeam raw data files. Alfred Wegener Institute, Helmholtz Centre for Polar and Marine Research, Bremerhaven, PANGAEA, https://doi.org/10.1594/PANGAEA.762798"
81,2023-03-24,https://doi.org/10.1594/PANGAEA.932797,"Gerringa, Loes J A; Rijkenberg, Micha; Laan, Patrick; Middag, Rob; Rutgers van der Loeff, Michiel M (2021): Dissolved trace metals cadmium (Cd), cobalt (Co), copper (Cu), iron (Fe), manganese (Mn), nickel (Ni), zinc (Zn) measured in samples from the Polarstern cruise PS94 to the Arctic Ocean from August to October 2015. PANGAEA, https://doi.org/10.1594/PANGAEA.932797"
82,2023-03-24,https://doi.org/10.1594/PANGAEA.890975,"Gerringa, Loes J A; Rijkenberg, Micha J A; Slagter, Hans A (2018): Dissolved iron measured on board with Flow injection analysis and iron-binding dissolved organic ligands from Ultra Clean CTD collected depth profiles during GEOTRACES PS94 Arctic cruise on Polarstern. PANGAEA, https://doi.org/10.1594/PANGAEA.890975"
83,2023-03-24,https://doi.org/10.1594/PANGAEA.908578,"Globevnik, Lidija (2019): Broad typology for rivers and lakes in Europe for large scale analysis. PANGAEA, https://doi.org/10.1594/PANGAEA.908578"
84,2023-03-24,https://doi.org/10.1594/PANGAEA.497780,"Golubev, Valery A; Zuyev, Aleksey N (2006): Physical oceanography from BT during cruise U58VG01400B_1931. National Oceanographic Data Center, Washington, PANGAEA, https://doi.org/10.1594/PANGAEA.497780, In: Golubev, Valery A; Zuyev, Aleksey N; Oelke, Christoph (2006): Barents and Kara Seas oceanographic data base (BarKode). World Climate Research Programme, PANGAEA, https://doi.org/10.1594/PANGAEA.667439"
85,2023-03-24,https://doi.org/10.1594/PANGAEA.497884,"Golubev, Valery A; Zuyev, Aleksey N (2006): Physical oceanography from BT during cruise U58X001310B_1956. National Oceanographic Data Center, Washington, PANGAEA, https://doi.org/10.1594/PANGAEA.497884, In: Golubev, Valery A; Zuyev, Aleksey N; Oelke, Christoph (2006): Barents and Kara Seas oceanographic data base (BarKode). World Climate Research Programme, PANGAEA, https://doi.org/10.1594/PANGAEA.667439"
86,2023-03-24,https://doi.org/10.1594/PANGAEA.484855,"Golubev, Valery A; Zuyev, Aleksey N; Oelke, Christoph (2006): Barents and Kara Seas oceanographic data base (BarKode). World Climate Research Programme, PANGAEA, https://doi.org/10.1594/PANGAEA.667439"
87,2023-03-24,https://doi.org/10.1594/PANGAEA.484856,"Golubev, Valery A; Zuyev, Aleksey N; Oelke, Christoph (2006): Barents and Kara Seas oceanographic data base (BarKode). World Climate Research Programme, PANGAEA, https://doi.org/10.1594/PANGAEA.667439"
88,2023-03-24,https://doi.org/10.1594/PANGAEA.484857,"Golubev, Valery A; Zuyev, Aleksey N; Oelke, Christoph (2006): Barents and Kara Seas oceanographic data base (BarKode). World Climate Research Programme, PANGAEA, https://doi.org/10.1594/PANGAEA.667439"
89,2023-03-24,https://doi.org/10.1594/PANGAEA.484858,"Golubev, Valery A; Zuyev, Aleksey N; Oelke, Christoph (2006): Barents and Kara Seas oceanographic data base (BarKode). World Climate Research Programme, PANGAEA, https://doi.org/10.1594/PANGAEA.667439"
90,2023-03-24,https://doi.org/10.1594/PANGAEA.484859,"Golubev, Valery A; Zuyev, Aleksey N; Oelke, Christoph (2006): Barents and Kara Seas oceanographic data base (BarKode). World Climate Research Programme, PANGAEA, https://doi.org/10.1594/PANGAEA.667439"
91,2023-03-24,https://doi.org/10.1594/PANGAEA.484695,"Golubev, Valery A; Zuyev, Aleksey N; Oelke, Christoph (2006): Barents and Kara Seas oceanographic data base (BarKode). World Climate Research Programme, PANGAEA, https://doi.org/10.1594/PANGAEA.667439"
92,2023-03-24,https://doi.org/10.1594/PANGAEA.821671,"Golubev, Valery A; Zuyev, Aleksey N; Oelke, Christoph (2006): Barents and Kara Seas oceanographic data base (BarKode). World Climate Research Programme, PANGAEA, https://doi.org/10.1594/PANGAEA.667439"
93,2023-03-24,https://doi.org/10.1594/PANGAEA.821681,"Golubev, Valery A; Zuyev, Aleksey N; Oelke, Christoph (2006): Barents and Kara Seas oceanographic data base (BarKode). World Climate Research Programme, PANGAEA, https://doi.org/10.1594/PANGAEA.667439"
94,2023-03-24,https://doi.org/10.1594/PANGAEA.821672,"Golubev, Valery A; Zuyev, Aleksey N; Oelke, Christoph (2006): Barents and Kara Seas oceanographic data base (BarKode). World Climate Research Programme, PANGAEA, https://doi.org/10.1594/PANGAEA.667439"
95,2023-03-24,https://doi.org/10.1594/PANGAEA.821673,"Golubev, Valery A; Zuyev, Aleksey N; Oelke, Christoph (2006): Barents and Kara Seas oceanographic data base (BarKode). World Climate Research Programme, PANGAEA, https://doi.org/10.1594/PANGAEA.667439"
96,2023-03-24,https://doi.org/10.1594/PANGAEA.821674,"Golubev, Valery A; Zuyev, Aleksey N; Oelke, Christoph (2006): Barents and Kara Seas oceanographic data base (BarKode). World Climate Research Programme, PANGAEA, https://doi.org/10.1594/PANGAEA.667439"
97,2023-03-24,https://doi.org/10.1594/PANGAEA.494535,"Golubev, Valery A; Zuyev, Aleksey N; Oelke, Christoph (2006): Barents and Kara Seas oceanographic data base (BarKode). World Climate Research Programme, PANGAEA, https://doi.org/10.1594/PANGAEA.667439"
98,2023-03-24,https://doi.org/10.1594/PANGAEA.494536,"Golubev, Valery A; Zuyev, Aleksey N; Oelke, Christoph (2006): Barents and Kara Seas oceanographic data base (BarKode). World Climate Research Programme, PANGAEA, https://doi.org/10.1594/PANGAEA.667439"
99,2023-03-24,https://doi.org/10.1594/PANGAEA.494537,"Golubev, Valery A; Zuyev, Aleksey N; Oelke, Christoph (2006): Barents and Kara Seas oceanographic data base (BarKode). World Climate Research Programme, PANGAEA, https://doi.org/10.1594/PANGAEA.667439"
100,2023-03-24,https://doi.org/10.1594/PANGAEA.494538,"Golubev, Valery A; Zuyev, Aleksey N; Oelke, Christoph (2006): Barents and Kara Seas oceanographic data base (BarKode). World Climate Research Programme, PANGAEA, https://doi.org/10.1594/PANGAEA.667439"
101,2023-03-24,https://doi.org/10.1594/PANGAEA.494539,"Golubev, Valery A; Zuyev, Aleksey N; Oelke, Christoph (2006): Barents and Kara Seas oceanographic data base (BarKode). World Climate Research Programme, PANGAEA, https://doi.org/10.1594/PANGAEA.667439"
102,2023-03-24,https://doi.org/10.1594/PANGAEA.494540,"Golubev, Valery A; Zuyev, Aleksey N; Oelke, Christoph (2006): Barents and Kara Seas oceanographic data base (BarKode). World Climate Research Programme, PANGAEA, https://doi.org/10.1594/PANGAEA.667439"
103,2023-03-24,https://doi.org/10.1594/PANGAEA.484860,"Golubev, Valery A; Zuyev, Aleksey N; Oelke, Christoph (2006): Barents and Kara Seas oceanographic data base (BarKode). World Climate Research Programme, PANGAEA, https://doi.org/10.1594/PANGAEA.667439"
104,2023-03-24,https://doi.org/10.1594/PANGAEA.484861,"Golubev, Valery A; Zuyev, Aleksey N; Oelke, Christoph (2006): Barents and Kara Seas oceanographic data base (BarKode). World Climate Research Programme, PANGAEA, https://doi.org/10.1594/PANGAEA.667439"
105,2023-03-24,https://doi.org/10.1594/PANGAEA.484862,"Golubev, Valery A; Zuyev, Aleksey N; Oelke, Christoph (2006): Barents and Kara Seas oceanographic data base (BarKode). World Climate Research Programme, PANGAEA, https://doi.org/10.1594/PANGAEA.667439"
106,2023-03-24,https://doi.org/10.1594/PANGAEA.484863,"Golubev, Valery A; Zuyev, Aleksey N; Oelke, Christoph (2006): Barents and Kara Seas oceanographic data base (BarKode). World Climate Research Programme, PANGAEA, https://doi.org/10.1594/PANGAEA.667439"
107,2023-03-24,https://doi.org/10.1594/PANGAEA.484864,"Golubev, Valery A; Zuyev, Aleksey N; Oelke, Christoph (2006): Barents and Kara Seas oceanographic data base (BarKode). World Climate Research Programme, PANGAEA, https://doi.org/10.1594/PANGAEA.667439"
108,2023-03-24,https://doi.org/10.1594/PANGAEA.484865,"Golubev, Valery A; Zuyev, Aleksey N; Oelke, Christoph (2006): Barents and Kara Seas oceanographic data base (BarKode). World Climate Research Programme, PANGAEA, https://doi.org/10.1594/PANGAEA.667439"
109,2023-03-24,https://doi.org/10.1594/PANGAEA.484866,"Golubev, Valery A; Zuyev, Aleksey N; Oelke, Christoph (2006): Barents and Kara Seas oceanographic data base (BarKode). World Climate Research Programme, PANGAEA, https://doi.org/10.1594/PANGAEA.667439"
110,2023-03-24,https://doi.org/10.1594/PANGAEA.484867,"Golubev, Valery A; Zuyev, Aleksey N; Oelke, Christoph (2006): Barents and Kara Seas oceanographic data base (BarKode). World Climate Research Programme, PANGAEA, https://doi.org/10.1594/PANGAEA.667439"
111,2023-03-24,https://doi.org/10.1594/PANGAEA.484868,"Golubev, Valery A; Zuyev, Aleksey N; Oelke, Christoph (2006): Barents and Kara Seas oceanographic data base (BarKode). World Climate Research Programme, PANGAEA, https://doi.org/10.1594/PANGAEA.667439"
112,2023-03-24,https://doi.org/10.1594/PANGAEA.484869,"Golubev, Valery A; Zuyev, Aleksey N; Oelke, Christoph (2006): Barents and Kara Seas oceanographic data base (BarKode). World Climate Research Programme, PANGAEA, https://doi.org/10.1594/PANGAEA.667439"
113,2023-03-24,https://doi.org/10.1594/PANGAEA.484870,"Golubev, Valery A; Zuyev, Aleksey N; Oelke, Christoph (2006): Barents and Kara Seas oceanographic data base (BarKode). World Climate Research Programme, PANGAEA, https://doi.org/10.1594/PANGAEA.667439"
114,2023-03-24,https://doi.org/10.1594/PANGAEA.484871,"Golubev, Valery A; Zuyev, Aleksey N; Oelke, Christoph (2006): Barents and Kara Seas oceanographic data base (BarKode). World Climate Research Programme, PANGAEA, https://doi.org/10.1594/PANGAEA.667439"
115,2023-03-24,https://doi.org/10.1594/PANGAEA.484872,"Golubev, Valery A; Zuyev, Aleksey N; Oelke, Christoph (2006): Barents and Kara Seas oceanographic data base (BarKode). World Climate Research Programme, PANGAEA, https://doi.org/10.1594/PANGAEA.667439"
116,2023-03-24,https://doi.org/10.1594/PANGAEA.484873,"Golubev, Valery A; Zuyev, Aleksey N; Oelke, Christoph (2006): Barents and Kara Seas oceanographic data base (BarKode). World Climate Research Programme, PANGAEA, https://doi.org/10.1594/PANGAEA.667439"
117,2023-03-24,https://doi.org/10.1594/PANGAEA.484874,"Golubev, Valery A; Zuyev, Aleksey N; Oelke, Christoph (2006): Barents and Kara Seas oceanographic data base (BarKode). World Climate Research Programme, PANGAEA, https://doi.org/10.1594/PANGAEA.667439"
118,2023-03-24,https://doi.org/10.1594/PANGAEA.494541,"Golubev, Valery A; Zuyev, Aleksey N; Oelke, Christoph (2006): Barents and Kara Seas oceanographic data base (BarKode). World Climate Research Programme, PANGAEA, https://doi.org/10.1594/PANGAEA.667439"
119,2023-03-24,https://doi.org/10.1594/PANGAEA.494542,"Golubev, Valery A; Zuyev, Aleksey N; Oelke, Christoph (2006): Barents and Kara Seas oceanographic data base (BarKode). World Climate Research Programme, PANGAEA, https://doi.org/10.1594/PANGAEA.667439"
120,2023-03-24,https://doi.org/10.1594/PANGAEA.494543,"Golubev, Valery A; Zuyev, Aleksey N; Oelke, Christoph (2006): Barents and Kara Seas oceanographic data base (BarKode). World Climate Research Programme, PANGAEA, https://doi.org/10.1594/PANGAEA.667439"
121,2023-03-24,https://doi.org/10.1594/PANGAEA.494544,"Golubev, Valery A; Zuyev, Aleksey N; Oelke, Christoph (2006): Barents and Kara Seas oceanographic data base (BarKode). World Climate Research Programme, PANGAEA, https://doi.org/10.1594/PANGAEA.667439"
122,2023-03-24,https://doi.org/10.1594/PANGAEA.494545,"Golubev, Valery A; Zuyev, Aleksey N; Oelke, Christoph (2006): Barents and Kara Seas oceanographic data base (BarKode). World Climate Research Programme, PANGAEA, https://doi.org/10.1594/PANGAEA.667439"
123,2023-03-24,https://doi.org/10.1594/PANGAEA.494546,"Golubev, Valery A; Zuyev, Aleksey N; Oelke, Christoph (2006): Barents and Kara Seas oceanographic data base (BarKode). World Climate Research Programme, PANGAEA, https://doi.org/10.1594/PANGAEA.667439"
124,2023-03-24,https://doi.org/10.1594/PANGAEA.494547,"Golubev, Valery A; Zuyev, Aleksey N; Oelke, Christoph (2006): Barents and Kara Seas oceanographic data base (BarKode). World Climate Research Programme, PANGAEA, https://doi.org/10.1594/PANGAEA.667439"
125,2023-03-24,https://doi.org/10.1594/PANGAEA.494548,"Golubev, Valery A; Zuyev, Aleksey N; Oelke, Christoph (2006): Barents and Kara Seas oceanographic data base (BarKode). World Climate Research Programme, PANGAEA, https://doi.org/10.1594/PANGAEA.667439"
126,2023-03-24,https://doi.org/10.1594/PANGAEA.494549,"Golubev, Valery A; Zuyev, Aleksey N; Oelke, Christoph (2006): Barents and Kara Seas oceanographic data base (BarKode). World Climate Research Programme, PANGAEA, https://doi.org/10.1594/PANGAEA.667439"
127,2023-03-24,https://doi.org/10.1594/PANGAEA.494550,"Golubev, Valery A; Zuyev, Aleksey N; Oelke, Christoph (2006): Barents and Kara Seas oceanographic data base (BarKode). World Climate Research Programme, PANGAEA, https://doi.org/10.1594/PANGAEA.667439"
128,2023-03-24,https://doi.org/10.1594/PANGAEA.494551,"Golubev, Valery A; Zuyev, Aleksey N; Oelke, Christoph (2006): Barents and Kara Seas oceanographic data base (BarKode). World Climate Research Programme, PANGAEA, https://doi.org/10.1594/PANGAEA.667439"
129,2023-03-24,https://doi.org/10.1594/PANGAEA.494552,"Golubev, Valery A; Zuyev, Aleksey N; Oelke, Christoph (2006): Barents and Kara Seas oceanographic data base (BarKode). World Climate Research Programme, PANGAEA, https://doi.org/10.1594/PANGAEA.667439"
130,2023-03-24,https://doi.org/10.1594/PANGAEA.494553,"Golubev, Valery A; Zuyev, Aleksey N; Oelke, Christoph (2006): Barents and Kara Seas oceanographic data base (BarKode). World Climate Research Programme, PANGAEA, https://doi.org/10.1594/PANGAEA.667439"
131,2023-03-24,https://doi.org/10.1594/PANGAEA.494554,"Golubev, Valery A; Zuyev, Aleksey N; Oelke, Christoph (2006): Barents and Kara Seas oceanographic data base (BarKode). World Climate Research Programme, PANGAEA, https://doi.org/10.1594/PANGAEA.667439"
132,2023-03-24,https://doi.org/10.1594/PANGAEA.494555,"Golubev, Valery A; Zuyev, Aleksey N; Oelke, Christoph (2006): Barents and Kara Seas oceanographic data base (BarKode). World Climate Research Programme, PANGAEA, https://doi.org/10.1594/PANGAEA.667439"
133,2023-03-24,https://doi.org/10.1594/PANGAEA.494556,"Golubev, Valery A; Zuyev, Aleksey N; Oelke, Christoph (2006): Barents and Kara Seas oceanographic data base (BarKode). World Climate Research Programme, PANGAEA, https://doi.org/10.1594/PANGAEA.667439"
134,2023-03-24,https://doi.org/10.1594/PANGAEA.494557,"Golubev, Valery A; Zuyev, Aleksey N; Oelke, Christoph (2006): Barents and Kara Seas oceanographic data base (BarKode). World Climate Research Programme, PANGAEA, https://doi.org/10.1594/PANGAEA.667439"
135,2023-03-24,https://doi.org/10.1594/PANGAEA.494558,"Golubev, Valery A; Zuyev, Aleksey N; Oelke, Christoph (2006): Barents and Kara Seas oceanographic data base (BarKode). World Climate Research Programme, PANGAEA, https://doi.org/10.1594/PANGAEA.667439"
136,2023-03-24,https://doi.org/10.1594/PANGAEA.494559,"Golubev, Valery A; Zuyev, Aleksey N; Oelke, Christoph (2006): Barents and Kara Seas oceanographic data base (BarKode). World Climate Research Programme, PANGAEA, https://doi.org/10.1594/PANGAEA.667439"
137,2023-03-24,https://doi.org/10.1594/PANGAEA.494560,"Golubev, Valery A; Zuyev, Aleksey N; Oelke, Christoph (2006): Barents and Kara Seas oceanographic data base (BarKode). World Climate Research Programme, PANGAEA, https://doi.org/10.1594/PANGAEA.667439"
138,2023-03-24,https://doi.org/10.1594/PANGAEA.494561,"Golubev, Valery A; Zuyev, Aleksey N; Oelke, Christoph (2006): Barents and Kara Seas oceanographic data base (BarKode). World Climate Research Programme, PANGAEA, https://doi.org/10.1594/PANGAEA.667439"
139,2023-03-24,https://doi.org/10.1594/PANGAEA.494562,"Golubev, Valery A; Zuyev, Aleksey N; Oelke, Christoph (2006): Barents and Kara Seas oceanographic data base (BarKode). World Climate Research Programme, PANGAEA, https://doi.org/10.1594/PANGAEA.667439"
140,2023-03-24,https://doi.org/10.1594/PANGAEA.494563,"Golubev, Valery A; Zuyev, Aleksey N; Oelke, Christoph (2006): Barents and Kara Seas oceanographic data base (BarKode). World Climate Research Programme, PANGAEA, https://doi.org/10.1594/PANGAEA.667439"
141,2023-03-24,https://doi.org/10.1594/PANGAEA.494564,"Golubev, Valery A; Zuyev, Aleksey N; Oelke, Christoph (2006): Barents and Kara Seas oceanographic data base (BarKode). World Climate Research Programme, PANGAEA, https://doi.org/10.1594/PANGAEA.667439"
142,2023-03-24,https://doi.org/10.1594/PANGAEA.494565,"Golubev, Valery A; Zuyev, Aleksey N; Oelke, Christoph (2006): Barents and Kara Seas oceanographic data base (BarKode). World Climate Research Programme, PANGAEA, https://doi.org/10.1594/PANGAEA.667439"
143,2023-03-24,https://doi.org/10.1594/PANGAEA.494566,"Golubev, Valery A; Zuyev, Aleksey N; Oelke, Christoph (2006): Barents and Kara Seas oceanographic data base (BarKode). World Climate Research Programme, PANGAEA, https://doi.org/10.1594/PANGAEA.667439"
144,2023-03-24,https://doi.org/10.1594/PANGAEA.494567,"Golubev, Valery A; Zuyev, Aleksey N; Oelke, Christoph (2006): Barents and Kara Seas oceanographic data base (BarKode). World Climate Research Programme, PANGAEA, https://doi.org/10.1594/PANGAEA.667439"
145,2023-03-24,https://doi.org/10.1594/PANGAEA.494568,"Golubev, Valery A; Zuyev, Aleksey N; Oelke, Christoph (2006): Barents and Kara Seas oceanographic data base (BarKode). World Climate Research Programme, PANGAEA, https://doi.org/10.1594/PANGAEA.667439"
146,2023-03-24,https://doi.org/10.1594/PANGAEA.494569,"Golubev, Valery A; Zuyev, Aleksey N; Oelke, Christoph (2006): Barents and Kara Seas oceanographic data base (BarKode). World Climate Research Programme, PANGAEA, https://doi.org/10.1594/PANGAEA.667439"
147,2023-03-24,https://doi.org/10.1594/PANGAEA.494570,"Golubev, Valery A; Zuyev, Aleksey N; Oelke, Christoph (2006): Barents and Kara Seas oceanographic data base (BarKode). World Climate Research Programme, PANGAEA, https://doi.org/10.1594/PANGAEA.667439"
148,2023-03-24,https://doi.org/10.1594/PANGAEA.494571,"Golubev, Valery A; Zuyev, Aleksey N; Oelke, Christoph (2006): Barents and Kara Seas oceanographic data base (BarKode). World Climate Research Programme, PANGAEA, https://doi.org/10.1594/PANGAEA.667439"
149,2023-03-24,https://doi.org/10.1594/PANGAEA.494572,"Golubev, Valery A; Zuyev, Aleksey N; Oelke, Christoph (2006): Barents and Kara Seas oceanographic data base (BarKode). World Climate Research Programme, PANGAEA, https://doi.org/10.1594/PANGAEA.667439"
150,2023-03-24,https://doi.org/10.1594/PANGAEA.494573,"Golubev, Valery A; Zuyev, Aleksey N; Oelke, Christoph (2006): Barents and Kara Seas oceanographic data base (BarKode). World Climate Research Programme, PANGAEA, https://doi.org/10.1594/PANGAEA.667439"
151,2023-03-24,https://doi.org/10.1594/PANGAEA.494574,"Golubev, Valery A; Zuyev, Aleksey N; Oelke, Christoph (2006): Barents and Kara Seas oceanographic data base (BarKode). World Climate Research Programme, PANGAEA, https://doi.org/10.1594/PANGAEA.667439"
152,2023-03-24,https://doi.org/10.1594/PANGAEA.494575,"Golubev, Valery A; Zuyev, Aleksey N; Oelke, Christoph (2006): Barents and Kara Seas oceanographic data base (BarKode). World Climate Research Programme, PANGAEA, https://doi.org/10.1594/PANGAEA.667439"
153,2023-03-24,https://doi.org/10.1594/PANGAEA.494576,"Golubev, Valery A; Zuyev, Aleksey N; Oelke, Christoph (2006): Barents and Kara Seas oceanographic data base (BarKode). World Climate Research Programme, PANGAEA, https://doi.org/10.1594/PANGAEA.667439"
154,2023-03-24,https://doi.org/10.1594/PANGAEA.494577,"Golubev, Valery A; Zuyev, Aleksey N; Oelke, Christoph (2006): Barents and Kara Seas oceanographic data base (BarKode). World Climate Research Programme, PANGAEA, https://doi.org/10.1594/PANGAEA.667439"
155,2023-03-24,https://doi.org/10.1594/PANGAEA.494578,"Golubev, Valery A; Zuyev, Aleksey N; Oelke, Christoph (2006): Barents and Kara Seas oceanographic data base (BarKode). World Climate Research Programme, PANGAEA, https://doi.org/10.1594/PANGAEA.667439"
156,2023-03-24,https://doi.org/10.1594/PANGAEA.494579,"Golubev, Valery A; Zuyev, Aleksey N; Oelke, Christoph (2006): Barents and Kara Seas oceanographic data base (BarKode). World Climate Research Programme, PANGAEA, https://doi.org/10.1594/PANGAEA.667439"
157,2023-03-24,https://doi.org/10.1594/PANGAEA.494580,"Golubev, Valery A; Zuyev, Aleksey N; Oelke, Christoph (2006): Barents and Kara Seas oceanographic data base (BarKode). World Climate Research Programme, PANGAEA, https://doi.org/10.1594/PANGAEA.667439"
158,2023-03-24,https://doi.org/10.1594/PANGAEA.494581,"Golubev, Valery A; Zuyev, Aleksey N; Oelke, Christoph (2006): Barents and Kara Seas oceanographic data base (BarKode). World Climate Research Programme, PANGAEA, https://doi.org/10.1594/PANGAEA.667439"
159,2023-03-24,https://doi.org/10.1594/PANGAEA.494582,"Golubev, Valery A; Zuyev, Aleksey N; Oelke, Christoph (2006): Barents and Kara Seas oceanographic data base (BarKode). World Climate Research Programme, PANGAEA, https://doi.org/10.1594/PANGAEA.667439"
160,2023-03-24,https://doi.org/10.1594/PANGAEA.494583,"Golubev, Valery A; Zuyev, Aleksey N; Oelke, Christoph (2006): Barents and Kara Seas oceanographic data base (BarKode). World Climate Research Programme, PANGAEA, https://doi.org/10.1594/PANGAEA.667439"
161,2023-03-24,https://doi.org/10.1594/PANGAEA.494584,"Golubev, Valery A; Zuyev, Aleksey N; Oelke, Christoph (2006): Barents and Kara Seas oceanographic data base (BarKode). World Climate Research Programme, PANGAEA, https://doi.org/10.1594/PANGAEA.667439"
162,2023-03-24,https://doi.org/10.1594/PANGAEA.494585,"Golubev, Valery A; Zuyev, Aleksey N; Oelke, Christoph (2006): Barents and Kara Seas oceanographic data base (BarKode). World Climate Research Programme, PANGAEA, https://doi.org/10.1594/PANGAEA.667439"
163,2023-03-24,https://doi.org/10.1594/PANGAEA.494586,"Golubev, Valery A; Zuyev, Aleksey N; Oelke, Christoph (2006): Barents and Kara Seas oceanographic data base (BarKode). World Climate Research Programme, PANGAEA, https://doi.org/10.1594/PANGAEA.667439"
164,2023-03-24,https://doi.org/10.1594/PANGAEA.494587,"Golubev, Valery A; Zuyev, Aleksey N; Oelke, Christoph (2006): Barents and Kara Seas oceanographic data base (BarKode). World Climate Research Programme, PANGAEA, https://doi.org/10.1594/PANGAEA.667439"
165,2023-03-24,https://doi.org/10.1594/PANGAEA.494588,"Golubev, Valery A; Zuyev, Aleksey N; Oelke, Christoph (2006): Barents and Kara Seas oceanographic data base (BarKode). World Climate Research Programme, PANGAEA, https://doi.org/10.1594/PANGAEA.667439"
166,2023-03-24,https://doi.org/10.1594/PANGAEA.494589,"Golubev, Valery A; Zuyev, Aleksey N; Oelke, Christoph (2006): Barents and Kara Seas oceanographic data base (BarKode). World Climate Research Programme, PANGAEA, https://doi.org/10.1594/PANGAEA.667439"
167,2023-03-24,https://doi.org/10.1594/PANGAEA.494590,"Golubev, Valery A; Zuyev, Aleksey N; Oelke, Christoph (2006): Barents and Kara Seas oceanographic data base (BarKode). World Climate Research Programme, PANGAEA, https://doi.org/10.1594/PANGAEA.667439"
168,2023-03-24,https://doi.org/10.1594/PANGAEA.494591,"Golubev, Valery A; Zuyev, Aleksey N; Oelke, Christoph (2006): Barents and Kara Seas oceanographic data base (BarKode). World Climate Research Programme, PANGAEA, https://doi.org/10.1594/PANGAEA.667439"
169,2023-03-24,https://doi.org/10.1594/PANGAEA.494592,"Golubev, Valery A; Zuyev, Aleksey N; Oelke, Christoph (2006): Barents and Kara Seas oceanographic data base (BarKode). World Climate Research Programme, PANGAEA, https://doi.org/10.1594/PANGAEA.667439"
170,2023-03-24,https://doi.org/10.1594/PANGAEA.494593,"Golubev, Valery A; Zuyev, Aleksey N; Oelke, Christoph (2006): Barents and Kara Seas oceanographic data base (BarKode). World Climate Research Programme, PANGAEA, https://doi.org/10.1594/PANGAEA.667439"
171,2023-03-24,https://doi.org/10.1594/PANGAEA.494594,"Golubev, Valery A; Zuyev, Aleksey N; Oelke, Christoph (2006): Barents and Kara Seas oceanographic data base (BarKode). World Climate Research Programme, PANGAEA, https://doi.org/10.1594/PANGAEA.667439"
172,2023-03-24,https://doi.org/10.1594/PANGAEA.494595,"Golubev, Valery A; Zuyev, Aleksey N; Oelke, Christoph (2006): Barents and Kara Seas oceanographic data base (BarKode). World Climate Research Programme, PANGAEA, https://doi.org/10.1594/PANGAEA.667439"
173,2023-03-24,https://doi.org/10.1594/PANGAEA.494596,"Golubev, Valery A; Zuyev, Aleksey N; Oelke, Christoph (2006): Barents and Kara Seas oceanographic data base (BarKode). World Climate Research Programme, PANGAEA, https://doi.org/10.1594/PANGAEA.667439"
174,2023-03-24,https://doi.org/10.1594/PANGAEA.494597,"Golubev, Valery A; Zuyev, Aleksey N; Oelke, Christoph (2006): Barents and Kara Seas oceanographic data base (BarKode). World Climate Research Programme, PANGAEA, https://doi.org/10.1594/PANGAEA.667439"
175,2023-03-24,https://doi.org/10.1594/PANGAEA.494598,"Golubev, Valery A; Zuyev, Aleksey N; Oelke, Christoph (2006): Barents and Kara Seas oceanographic data base (BarKode). World Climate Research Programme, PANGAEA, https://doi.org/10.1594/PANGAEA.667439"
176,2023-03-24,https://doi.org/10.1594/PANGAEA.494599,"Golubev, Valery A; Zuyev, Aleksey N; Oelke, Christoph (2006): Barents and Kara Seas oceanographic data base (BarKode). World Climate Research Programme, PANGAEA, https://doi.org/10.1594/PANGAEA.667439"
177,2023-03-24,https://doi.org/10.1594/PANGAEA.494600,"Golubev, Valery A; Zuyev, Aleksey N; Oelke, Christoph (2006): Barents and Kara Seas oceanographic data base (BarKode). World Climate Research Programme, PANGAEA, https://doi.org/10.1594/PANGAEA.667439"
178,2023-03-24,https://doi.org/10.1594/PANGAEA.494601,"Golubev, Valery A; Zuyev, Aleksey N; Oelke, Christoph (2006): Barents and Kara Seas oceanographic data base (BarKode). World Climate Research Programme, PANGAEA, https://doi.org/10.1594/PANGAEA.667439"
179,2023-03-24,https://doi.org/10.1594/PANGAEA.494602,"Golubev, Valery A; Zuyev, Aleksey N; Oelke, Christoph (2006): Barents and Kara Seas oceanographic data base (BarKode). World Climate Research Programme, PANGAEA, https://doi.org/10.1594/PANGAEA.667439"
180,2023-03-24,https://doi.org/10.1594/PANGAEA.494603,"Golubev, Valery A; Zuyev, Aleksey N; Oelke, Christoph (2006): Barents and Kara Seas oceanographic data base (BarKode). World Climate Research Programme, PANGAEA, https://doi.org/10.1594/PANGAEA.667439"
181,2023-03-24,https://doi.org/10.1594/PANGAEA.494604,"Golubev, Valery A; Zuyev, Aleksey N; Oelke, Christoph (2006): Barents and Kara Seas oceanographic data base (BarKode). World Climate Research Programme, PANGAEA, https://doi.org/10.1594/PANGAEA.667439"
182,2023-03-24,https://doi.org/10.1594/PANGAEA.494605,"Golubev, Valery A; Zuyev, Aleksey N; Oelke, Christoph (2006): Barents and Kara Seas oceanographic data base (BarKode). World Climate Research Programme, PANGAEA, https://doi.org/10.1594/PANGAEA.667439"
183,2023-03-24,https://doi.org/10.1594/PANGAEA.494606,"Golubev, Valery A; Zuyev, Aleksey N; Oelke, Christoph (2006): Barents and Kara Seas oceanographic data base (BarKode). World Climate Research Programme, PANGAEA, https://doi.org/10.1594/PANGAEA.667439"
184,2023-03-24,https://doi.org/10.1594/PANGAEA.494607,"Golubev, Valery A; Zuyev, Aleksey N; Oelke, Christoph (2006): Barents and Kara Seas oceanographic data base (BarKode). World Climate Research Programme, PANGAEA, https://doi.org/10.1594/PANGAEA.667439"
185,2023-03-24,https://doi.org/10.1594/PANGAEA.494608,"Golubev, Valery A; Zuyev, Aleksey N; Oelke, Christoph (2006): Barents and Kara Seas oceanographic data base (BarKode). World Climate Research Programme, PANGAEA, https://doi.org/10.1594/PANGAEA.667439"
186,2023-03-24,https://doi.org/10.1594/PANGAEA.494541,"Golubev, Valery A; Zuyev, Aleksey N; Oelke, Christoph (2006): Physical oceanography during cruise CUSNS_1901. Department of Navy, Naval Research Laboratory, PANGAEA, https://doi.org/10.1594/PANGAEA.494541, In: Golubev, VA et al. (2006): Barents and Kara Seas oceanographic data base (BarKode). World Climate Research Programme, PANGAEA, https://doi.org/10.1594/PANGAEA.667439"
187,2023-03-24,https://doi.org/10.1594/PANGAEA.494543,"Golubev, Valery A; Zuyev, Aleksey N; Oelke, Christoph (2006): Physical oceanography during cruise CUSNS_1903. Department of Navy, Naval Research Laboratory, PANGAEA, https://doi.org/10.1594/PANGAEA.494543, In: Golubev, VA et al. (2006): Barents and Kara Seas oceanographic data base (BarKode). World Climate Research Programme, PANGAEA, https://doi.org/10.1594/PANGAEA.667439"
188,2023-03-24,https://doi.org/10.1594/PANGAEA.494609,"Golubev, Valery A; Zuyev, Aleksey N; Oelke, Christoph (2006): Physical oceanography during cruise CUSNS_1981. Department of Navy, Naval Research Laboratory, PANGAEA, https://doi.org/10.1594/PANGAEA.494609, In: Golubev, VA et al. (2006): Barents and Kara Seas oceanographic data base (BarKode). World Climate Research Programme, PANGAEA, https://doi.org/10.1594/PANGAEA.667439"
189,2023-03-24,https://doi.org/10.1594/PANGAEA.494610,"Golubev, Valery A; Zuyev, Aleksey N; Oelke, Christoph (2006): Physical oceanography during cruise CUSNS_1982. Department of Navy, Naval Research Laboratory, PANGAEA, https://doi.org/10.1594/PANGAEA.494610, In: Golubev, VA et al. (2006): Barents and Kara Seas oceanographic data base (BarKode). World Climate Research Programme, PANGAEA, https://doi.org/10.1594/PANGAEA.667439"
190,2023-03-24,https://doi.org/10.1594/PANGAEA.494611,"Golubev, Valery A; Zuyev, Aleksey N; Oelke, Christoph (2006): Physical oceanography during cruise CUSNS_1983. Department of Navy, Naval Research Laboratory, PANGAEA, https://doi.org/10.1594/PANGAEA.494611, In: Golubev, VA et al. (2006): Barents and Kara Seas oceanographic data base (BarKode). World Climate Research Programme, PANGAEA, https://doi.org/10.1594/PANGAEA.667439"
191,2023-03-24,https://doi.org/10.1594/PANGAEA.494612,"Golubev, Valery A; Zuyev, Aleksey N; Oelke, Christoph (2006): Physical oceanography during cruise CUSNS_1984. Department of Navy, Naval Research Laboratory, PANGAEA, https://doi.org/10.1594/PANGAEA.494612, In: Golubev, VA et al. (2006): Barents and Kara Seas oceanographic data base (BarKode). World Climate Research Programme, PANGAEA, https://doi.org/10.1594/PANGAEA.667439"
192,2023-03-24,https://doi.org/10.1594/PANGAEA.494613,"Golubev, Valery A; Zuyev, Aleksey N; Oelke, Christoph (2006): Physical oceanography during cruise CUSNS_1985. Department of Navy, Naval Research Laboratory, PANGAEA, https://doi.org/10.1594/PANGAEA.494613, In: Golubev, VA et al. (2006): Barents and Kara Seas oceanographic data base (BarKode). World Climate Research Programme, PANGAEA, https://doi.org/10.1594/PANGAEA.667439"
193,2023-03-24,https://doi.org/10.1594/PANGAEA.494614,"Golubev, Valery A; Zuyev, Aleksey N; Oelke, Christoph (2006): Physical oceanography during cruise CUSNS_1986. Department of Navy, Naval Research Laboratory, PANGAEA, https://doi.org/10.1594/PANGAEA.494614, In: Golubev, VA et al. (2006): Barents and Kara Seas oceanographic data base (BarKode). World Climate Research Programme, PANGAEA, https://doi.org/10.1594/PANGAEA.667439"
194,2023-03-24,https://doi.org/10.1594/PANGAEA.494615,"Golubev, Valery A; Zuyev, Aleksey N; Oelke, Christoph (2006): Physical oceanography during cruise CUSNS_1987. Department of Navy, Naval Research Laboratory, PANGAEA, https://doi.org/10.1594/PANGAEA.494615, In: Golubev, VA et al. (2006): Barents and Kara Seas oceanographic data base (BarKode). World Climate Research Programme, PANGAEA, https://doi.org/10.1594/PANGAEA.667439"
195,2023-03-24,https://doi.org/10.1594/PANGAEA.494616,"Golubev, Valery A; Zuyev, Aleksey N; Oelke, Christoph (2006): Physical oceanography during cruise CUSNS_1988. Department of Navy, Naval Research Laboratory, PANGAEA, https://doi.org/10.1594/PANGAEA.494616, In: Golubev, VA et al. (2006): Barents and Kara Seas oceanographic data base (BarKode). World Climate Research Programme, PANGAEA, https://doi.org/10.1594/PANGAEA.667439"
196,2023-03-24,https://doi.org/10.1594/PANGAEA.494617,"Golubev, Valery A; Zuyev, Aleksey N; Oelke, Christoph (2006): Physical oceanography during cruise CUSNS_1989. Department of Navy, Naval Research Laboratory, PANGAEA, https://doi.org/10.1594/PANGAEA.494617, In: Golubev, VA et al. (2006): Barents and Kara Seas oceanographic data base (BarKode). World Climate Research Programme, PANGAEA, https://doi.org/10.1594/PANGAEA.667439"
197,2023-03-24,https://doi.org/10.1594/PANGAEA.494618,"Golubev, Valery A; Zuyev, Aleksey N; Oelke, Christoph (2006): Physical oceanography during cruise CUSNS_1991. Department of Navy, Naval Research Laboratory, PANGAEA, https://doi.org/10.1594/PANGAEA.494618, In: Golubev, VA et al. (2006): Barents and Kara Seas oceanographic data base (BarKode). World Climate Research Programme, PANGAEA, https://doi.org/10.1594/PANGAEA.667439"
198,2023-03-24,https://doi.org/10.1594/PANGAEA.494619,"Golubev, Valery A; Zuyev, Aleksey N; Oelke, Christoph (2006): Physical oceanography during cruise CUSNS_1992. Department of Navy, Naval Research Laboratory, PANGAEA, https://doi.org/10.1594/PANGAEA.494619, In: Golubev, VA et al. (2006): Barents and Kara Seas oceanographic data base (BarKode). World Climate Research Programme, PANGAEA, https://doi.org/10.1594/PANGAEA.667439"
199,2023-03-24,https://doi.org/10.1594/PANGAEA.494620,"Golubev, Valery A; Zuyev, Aleksey N; Oelke, Christoph (2006): Physical oceanography during cruise CUSNS_1993. Department of Navy, Naval Research Laboratory, PANGAEA, https://doi.org/10.1594/PANGAEA.494620, In: Golubev, VA et al. (2006): Barents and Kara Seas oceanographic data base (BarKode). World Climate Research Programme, PANGAEA, https://doi.org/10.1594/PANGAEA.667439"
200,2023-03-24,https://doi.org/10.1594/PANGAEA.494621,"Golubev, Valery A; Zuyev, Aleksey N; Oelke, Christoph (2006): Physical oceanography during cruise CUSNS_1994. Department of Navy, Naval Research Laboratory, PANGAEA, https://doi.org/10.1594/PANGAEA.494621, In: Golubev, VA et al. (2006): Barents and Kara Seas oceanographic data base (BarKode). World Climate Research Programme, PANGAEA, https://doi.org/10.1594/PANGAEA.667439"
201,2023-03-24,https://doi.org/10.1594/PANGAEA.494622,"Golubev, Valery A; Zuyev, Aleksey N; Oelke, Christoph (2006): Physical oceanography during cruise CUSNS_1995. Department of Navy, Naval Research Laboratory, PANGAEA, https://doi.org/10.1594/PANGAEA.494622, In: Golubev, VA et al. (2006): Barents and Kara Seas oceanographic data base (BarKode). World Climate Research Programme, PANGAEA, https://doi.org/10.1594/PANGAEA.667439"
202,2023-03-24,https://doi.org/10.1594/PANGAEA.494626,"Golubev, Valery A; Zuyev, Aleksey N; Oelke, Christoph (2006): Physical oceanography during cruise F58SDX9301C. Norwegian Defence Research Establishment, PANGAEA, https://doi.org/10.1594/PANGAEA.494626, In: Golubev, VA et al. (2006): Barents and Kara Seas oceanographic data base (BarKode). World Climate Research Programme, PANGAEA, https://doi.org/10.1594/PANGAEA.667439"
203,2023-03-24,https://doi.org/10.1594/PANGAEA.494634,"Golubev, Valery A; Zuyev, Aleksey N; Oelke, Christoph (2006): Physical oceanography during cruise F58SD_1997. Norwegian Defence Research Establishment, PANGAEA, https://doi.org/10.1594/PANGAEA.494634, In: Golubev, VA et al. (2006): Barents and Kara Seas oceanographic data base (BarKode). World Climate Research Programme, PANGAEA, https://doi.org/10.1594/PANGAEA.667439"
204,2023-03-24,https://doi.org/10.1594/PANGAEA.494635,"Golubev, Valery A; Zuyev, Aleksey N; Oelke, Christoph (2006): Physical oceanography during cruise F58SD_1998. Norwegian Defence Research Establishment, PANGAEA, https://doi.org/10.1594/PANGAEA.494635, In: Golubev, VA et al. (2006): Barents and Kara Seas oceanographic data base (BarKode). World Climate Research Programme, PANGAEA, https://doi.org/10.1594/PANGAEA.667439"
205,2023-03-24,https://doi.org/10.1594/PANGAEA.494659,"Golubev, Valery A; Zuyev, Aleksey N; Oelke, Christoph (2006): Physical oceanography during cruise K06XXXXXXXC. United Kingdom Hydrographic Office, PANGAEA, https://doi.org/10.1594/PANGAEA.494659, In: Golubev, VA et al. (2006): Barents and Kara Seas oceanographic data base (BarKode). World Climate Research Programme, PANGAEA, https://doi.org/10.1594/PANGAEA.667439"
206,2023-03-24,https://doi.org/10.1594/PANGAEA.494661,"Golubev, Valery A; Zuyev, Aleksey N; Oelke, Christoph (2006): Physical oceanography during cruise K5811_1994. United Kingdom Hydrographic Office, PANGAEA, https://doi.org/10.1594/PANGAEA.494661, In: Golubev, VA et al. (2006): Barents and Kara Seas oceanographic data base (BarKode). World Climate Research Programme, PANGAEA, https://doi.org/10.1594/PANGAEA.667439"
207,2023-03-24,https://doi.org/10.1594/PANGAEA.494662,"Golubev, Valery A; Zuyev, Aleksey N; Oelke, Christoph (2006): Physical oceanography during cruise K5812_1992. United Kingdom Hydrographic Office, PANGAEA, https://doi.org/10.1594/PANGAEA.494662, In: Golubev, VA et al. (2006): Barents and Kara Seas oceanographic data base (BarKode). World Climate Research Programme, PANGAEA, https://doi.org/10.1594/PANGAEA.667439"
208,2023-03-24,https://doi.org/10.1594/PANGAEA.494663,"Golubev, Valery A; Zuyev, Aleksey N; Oelke, Christoph (2006): Physical oceanography during cruise K5812_1993. United Kingdom Hydrographic Office, PANGAEA, https://doi.org/10.1594/PANGAEA.494663, In: Golubev, VA et al. (2006): Barents and Kara Seas oceanographic data base (BarKode). World Climate Research Programme, PANGAEA, https://doi.org/10.1594/PANGAEA.667439"
209,2023-03-24,https://doi.org/10.1594/PANGAEA.494664,"Golubev, Valery A; Zuyev, Aleksey N; Oelke, Christoph (2006): Physical oceanography during cruise K5812_1994. United Kingdom Hydrographic Office, PANGAEA, https://doi.org/10.1594/PANGAEA.494664, In: Golubev, VA et al. (2006): Barents and Kara Seas oceanographic data base (BarKode). World Climate Research Programme, PANGAEA, https://doi.org/10.1594/PANGAEA.667439"
210,2023-03-24,https://doi.org/10.1594/PANGAEA.494666,"Golubev, Valery A; Zuyev, Aleksey N; Oelke, Christoph (2006): Physical oceanography during cruise K5815_1992. United Kingdom Hydrographic Office, PANGAEA, https://doi.org/10.1594/PANGAEA.494666, In: Golubev, VA et al. (2006): Barents and Kara Seas oceanographic data base (BarKode). World Climate Research Programme, PANGAEA, https://doi.org/10.1594/PANGAEA.667439"
211,2023-03-24,https://doi.org/10.1594/PANGAEA.494667,"Golubev, Valery A; Zuyev, Aleksey N; Oelke, Christoph (2006): Physical oceanography during cruise K5815_1993. United Kingdom Hydrographic Office, PANGAEA, https://doi.org/10.1594/PANGAEA.494667, In: Golubev, VA et al. (2006): Barents and Kara Seas oceanographic data base (BarKode). World Climate Research Programme, PANGAEA, https://doi.org/10.1594/PANGAEA.667439"
212,2023-03-24,https://doi.org/10.1594/PANGAEA.494668,"Golubev, Valery A; Zuyev, Aleksey N; Oelke, Christoph (2006): Physical oceanography during cruise K5815_1994. United Kingdom Hydrographic Office, PANGAEA, https://doi.org/10.1594/PANGAEA.494668, In: Golubev, VA et al. (2006): Barents and Kara Seas oceanographic data base (BarKode). World Climate Research Programme, PANGAEA, https://doi.org/10.1594/PANGAEA.667439"
213,2023-03-24,https://doi.org/10.1594/PANGAEA.494669,"Golubev, Valery A; Zuyev, Aleksey N; Oelke, Christoph (2006): Physical oceanography during cruise K5815_1995. United Kingdom Hydrographic Office, PANGAEA, https://doi.org/10.1594/PANGAEA.494669, In: Golubev, VA et al. (2006): Barents and Kara Seas oceanographic data base (BarKode). World Climate Research Programme, PANGAEA, https://doi.org/10.1594/PANGAEA.667439"
214,2023-03-24,https://doi.org/10.1594/PANGAEA.494670,"Golubev, Valery A; Zuyev, Aleksey N; Oelke, Christoph (2006): Physical oceanography during cruise K58_1992. United Kingdom Hydrographic Office, PANGAEA, https://doi.org/10.1594/PANGAEA.494670, In: Golubev, VA et al. (2006): Barents and Kara Seas oceanographic data base (BarKode). World Climate Research Programme, PANGAEA, https://doi.org/10.1594/PANGAEA.667439"
215,2023-03-24,https://doi.org/10.1594/PANGAEA.494671,"Golubev, Valery A; Zuyev, Aleksey N; Oelke, Christoph (2006): Physical oceanography during cruise K58_1993. United Kingdom Hydrographic Office, PANGAEA, https://doi.org/10.1594/PANGAEA.494671, In: Golubev, VA et al. (2006): Barents and Kara Seas oceanographic data base (BarKode). World Climate Research Programme, PANGAEA, https://doi.org/10.1594/PANGAEA.667439"
216,2023-03-24,https://doi.org/10.1594/PANGAEA.494672,"Golubev, Valery A; Zuyev, Aleksey N; Oelke, Christoph (2006): Physical oceanography during cruise K58_1994. United Kingdom Hydrographic Office, PANGAEA, https://doi.org/10.1594/PANGAEA.494672, In: Golubev, VA et al. (2006): Barents and Kara Seas oceanographic data base (BarKode). World Climate Research Programme, PANGAEA, https://doi.org/10.1594/PANGAEA.667439"
217,2023-03-24,https://doi.org/10.1594/PANGAEA.494673,"Golubev, Valery A; Zuyev, Aleksey N; Oelke, Christoph (2006): Physical oceanography during cruise K58_1995. United Kingdom Hydrographic Office, PANGAEA, https://doi.org/10.1594/PANGAEA.494673, In: Golubev, VA et al. (2006): Barents and Kara Seas oceanographic data base (BarKode). World Climate Research Programme, PANGAEA, https://doi.org/10.1594/PANGAEA.667439"
218,2023-03-24,https://doi.org/10.1594/PANGAEA.494685,"Golubev, Valery A; Zuyev, Aleksey N; Oelke, Christoph (2006): Physical oceanography during cruise K9006_1961. United Kingdom Hydrographic Office, PANGAEA, https://doi.org/10.1594/PANGAEA.494685, In: Golubev, VA et al. (2006): Barents and Kara Seas oceanographic data base (BarKode). World Climate Research Programme, PANGAEA, https://doi.org/10.1594/PANGAEA.667439"
219,2023-03-24,https://doi.org/10.1594/PANGAEA.494686,"Golubev, Valery A; Zuyev, Aleksey N; Oelke, Christoph (2006): Physical oceanography during cruise K9006_1962. United Kingdom Hydrographic Office, PANGAEA, https://doi.org/10.1594/PANGAEA.494686, In: Golubev, VA et al. (2006): Barents and Kara Seas oceanographic data base (BarKode). World Climate Research Programme, PANGAEA, https://doi.org/10.1594/PANGAEA.667439"
220,2023-03-24,https://doi.org/10.1594/PANGAEA.494688,"Golubev, Valery A; Zuyev, Aleksey N; Oelke, Christoph (2006): Physical oceanography during cruise K9006_1970. United Kingdom Hydrographic Office, PANGAEA, https://doi.org/10.1594/PANGAEA.494688, In: Golubev, VA et al. (2006): Barents and Kara Seas oceanographic data base (BarKode). World Climate Research Programme, PANGAEA, https://doi.org/10.1594/PANGAEA.667439"
221,2023-03-24,https://doi.org/10.1594/PANGAEA.494689,"Golubev, Valery A; Zuyev, Aleksey N; Oelke, Christoph (2006): Physical oceanography during cruise K9006_1971. United Kingdom Hydrographic Office, PANGAEA, https://doi.org/10.1594/PANGAEA.494689, In: Golubev, VA et al. (2006): Barents and Kara Seas oceanographic data base (BarKode). World Climate Research Programme, PANGAEA, https://doi.org/10.1594/PANGAEA.667439"
222,2023-03-24,https://doi.org/10.1594/PANGAEA.494690,"Golubev, Valery A; Zuyev, Aleksey N; Oelke, Christoph (2006): Physical oceanography during cruise K9006_1973. United Kingdom Hydrographic Office, PANGAEA, https://doi.org/10.1594/PANGAEA.494690, In: Golubev, VA et al. (2006): Barents and Kara Seas oceanographic data base (BarKode). World Climate Research Programme, PANGAEA, https://doi.org/10.1594/PANGAEA.667439"
223,2023-03-24,https://doi.org/10.1594/PANGAEA.494691,"Golubev, Valery A; Zuyev, Aleksey N; Oelke, Christoph (2006): Physical oceanography during cruise K9006_1974. United Kingdom Hydrographic Office, PANGAEA, https://doi.org/10.1594/PANGAEA.494691, In: Golubev, VA et al. (2006): Barents and Kara Seas oceanographic data base (BarKode). World Climate Research Programme, PANGAEA, https://doi.org/10.1594/PANGAEA.667439"
224,2023-03-24,https://doi.org/10.1594/PANGAEA.494694,"Golubev, Valery A; Zuyev, Aleksey N; Oelke, Christoph (2006): Physical oceanography during cruise K9006_1977. United Kingdom Hydrographic Office, PANGAEA, https://doi.org/10.1594/PANGAEA.494694, In: Golubev, VA et al. (2006): Barents and Kara Seas oceanographic data base (BarKode). World Climate Research Programme, PANGAEA, https://doi.org/10.1594/PANGAEA.667439"
225,2023-03-24,https://doi.org/10.1594/PANGAEA.494697,"Golubev, Valery A; Zuyev, Aleksey N; Oelke, Christoph (2006): Physical oceanography during cruise K9007_1960. United Kingdom Hydrographic Office, PANGAEA, https://doi.org/10.1594/PANGAEA.494697, In: Golubev, VA et al. (2006): Barents and Kara Seas oceanographic data base (BarKode). World Climate Research Programme, PANGAEA, https://doi.org/10.1594/PANGAEA.667439"
226,2023-03-24,https://doi.org/10.1594/PANGAEA.494698,"Golubev, Valery A; Zuyev, Aleksey N; Oelke, Christoph (2006): Physical oceanography during cruise K9007_1961. United Kingdom Hydrographic Office, PANGAEA, https://doi.org/10.1594/PANGAEA.494698, In: Golubev, VA et al. (2006): Barents and Kara Seas oceanographic data base (BarKode). World Climate Research Programme, PANGAEA, https://doi.org/10.1594/PANGAEA.667439"
227,2023-03-24,https://doi.org/10.1594/PANGAEA.494700,"Golubev, Valery A; Zuyev, Aleksey N; Oelke, Christoph (2006): Physical oceanography during cruise K9007_1963. United Kingdom Hydrographic Office, PANGAEA, https://doi.org/10.1594/PANGAEA.494700, In: Golubev, VA et al. (2006): Barents and Kara Seas oceanographic data base (BarKode). World Climate Research Programme, PANGAEA, https://doi.org/10.1594/PANGAEA.667439"
