"Category","Driver","Variable","Name"
"biology","biomass","Aglantha digitale; 5 gte [ind/m3]",
"biology","biomass","Beroe cucumis [ind/m3]",
"biology","biomass","Bivalvia - veliger [ind/m3]",
"biology","biomass","Calanus finmarchicus - CI [ind/m3]",
"biology","biomass","Calanus finmarchicus - CII [ind/m3]",
"biology","biomass","Calanus finmarchicus - CIII [ind/m3]",
"biology","biomass","Calanus finmarchicus - CIV [ind/m3]",
"biology","biomass","Calanus finmarchicus - CV [ind/m3]",
"biology","biomass","Calanus glacialis - CII [ind/m3]",
"biology","biomass","Calanus glacialis - CIII [ind/m3]",
"biology","biomass","Calanus glacialis - CIV [ind/m3]",
"biology","biomass","Calanus glacialis - CV [ind/m3]",
"biology","biomass","Calanus hyperboreus - CIV [ind/m3]",
"biology","biomass","Cirripedia - cypris [ind/m3]",
"biology","biomass","Copepoda - nauplii [ind/m3]",
"biology","biomass","Euphausiacea - larvae furcilia; 5 gte [ind/m3]",
"biology","biomass","Euphausiacea - larvae furcilia; 5 lt [ind/m3]",
"biology","biomass","Hyas - zoea [ind/m3]",
"biology","biomass","Limacina helicina - veliger [ind/m3]",
"biology","biomass","Metridia longa - CI [ind/m3]",
"biology","biomass","Oikopleura spp.; 10 gte [ind/m3]",
"biology","biomass","Oikopleura spp.; 5 gte [ind/m3]",
"biology","biomass","Oikopleura spp.; 5 lt [ind/m3]",
"biology","biomass","Oithona similis [ind/m3]",
"biology","biomass","Parasagitta elegans; 10 gte [ind/m3]",
"biology","biomass","Parasagitta elegans; 20 gte [ind/m3]",
"biology","biomass","Parasagitta elegans; 5 gte [ind/m3]",
"biology","biomass","Pseudocalanus spp. - CI [ind/m3]",
"biology","biomass","Pseudocalanus spp. - CII [ind/m3]",
"biology","biomass","Pseudocalanus spp. - CIII [ind/m3]",
"biology","biomass","Pseudocalanus spp. - CIV [ind/m3]",
"biology","biomass","Pseudocalanus spp. - CV [ind/m3]",
"biology","biomass","Acartia longiremis [ind/m3]",
"biology","biomass","Bopyridae [ind/m3]","Bopyridae"
"biology","biomass","Halitholus cirratus cf. [ind/m3]",
"biology","biomass","Metridia longa - CII [ind/m3]",
"biology","biomass","Parasagitta elegans; 5 lt [ind/m3]",
"biology","biomass","Polychaeta - larvae metatrochophora [ind/m3]",
"biology","biomass","Polychaeta - larvae mitraria [ind/m3]",
"biology","biomass","Polychaeta - larvae trochophora [ind/m3]",
"biology","biomass","Themisto abyssorum; 5 gte [ind/m3]",
"biology","biomass","Themisto abyssorum; 5 lt [ind/m3]",
"biology","biomass","Calanus finmarchicus - AF [ind/m3]",
"biology","biomass","Calanus hyperboreus - CIII [ind/m3]",
"biology","biomass","Evadne nordmanni [ind/m3]",
"biology","biomass","Hydrozoa - larvae [ind/m3]",
"biology","biomass","Microcalanus spp. [ind/m3]","Microcalanus spp."
"biology","biomass","Pseudocalanus acuspes - AF [ind/m3]",
"biology","biomass","Triconia borealis (=Oncaea borealis) - AF/AM [ind/m3]",
"biology","biomass","Mertensia ovum [ind/m3]","Mertensia ovum"
"biology","biomass","Oithona atlantica [ind/m3]",
"biology","biomass","Themisto libellula; 5 gte [ind/m3]",
"biology","biomass","Themisto libellula; 5 lt [ind/m3]",
"biology","biomass","Calanus glacialis - CI [ind/m3]",
"biology","biomass","Echinodermata - larvae [ind/m3]",
"biology","biomass","Pagurus - zoea [ind/m3]",
"biology","biomass","Calanus glacialis - AF [ind/m3]",
"biology","biomass","Pseudocalanus minutus - AF [ind/m3]",
"biology","biomass","Eukrohnia hamata; 10 gte [ind/m3]",
"biology","biomass","Eukrohnia hamata; 5 gte [ind/m3]",
"biology","biomass","Gastropoda - veliger [ind/m3]",
"biology","biomass","Metridia longa - CIII [ind/m3]",
"biology","biomass","Metridia longa - CIV [ind/m3]",
"biology","biomass","Metridia longa - CV [ind/m3]",
"biology","biomass","Thysanoessa inermis [ind/m3]",
"biology","biomass","Bougainvillia spp. [ind/m3]","Bougainvillia spp."
"biology","biomass","Halitholus pauper cf. [ind/m3]",
"biology","biomass","Hyas - megalopa [ind/m3]",
"biology","biomass","Limacina helicina; 5 lt [ind/m3]",
"biology","biomass","Clione limacina - veliger [ind/m3]",
"biology","biomass","Metridia longa - AF [ind/m3]",
"biology","biomass","Aetideidae - CI-CIII [ind/m3]",
"biology","biomass","Bradyidius similis [ind/m3]",
"biology","biomass","Metridia longa - AM [ind/m3]",
"biology","biomass","Ostracoda; 1 gte [ind/m3]",
"biology","biomass","Pseudocalanus spp. - AM [ind/m3]",
"biology","biomass","Aglantha digitale; 5 lt [ind/m3]",
"biology","biomass","Clione limacina; 5 gte [ind/m3]",
"biology","biomass","Pandalus borealis - zoea [ind/m3]",
"biology","biomass","Fritillaria borealis [ind/m3]",
"biology","biomass","Calanus hyperboreus - CV [ind/m3]",
"biology","biomass","Paraeuchaeta spp. - CIV [ind/m3]",
"biology","biomass","Limacina helicina; 5 gte [ind/m3]",
"biology","biomass","Oikopleura spp.; 20 gte [ind/m3]",
"biology","biomass","Aetideidae - CIV [ind/m3]",
"biology","biomass","Calanus hyperboreus - AF [ind/m3]",
"biology","biomass","Eukrohnia hamata; 20 gte [ind/m3]",
"biology","biomass","Hyperiidae indet. [ind/m3]",
"biology","biomass","Eukrohnia sp.; 10 gte [ind/m3]",
"biology","biomass","Polychaeta - larvae secondary [ind/m3]",
"biology","biomass","Polychaeta indet. [ind/m3]",
"biology","biomass","Microsetella norvegica [ind/m3]",
"biology","biomass","Cirripedia - nauplii [ind/m3]",
"biology","biomass","Calanus finmarchicus - AM [ind/m3]",
"biology","biomass","Calanus glacialis - AM [ind/m3]",
"biology","biomass","Calanus hyperboreus - CII [ind/m3]",
"biology","biomass","Calanus hyperboreus - CI [ind/m3]",
"biology","biomass","Aetideidae [ind/m3]","Aetideidae"
"biology","biomass","Aetideopsis rostrata [ind/m3]",
"biology","biomass","Aglantha digitale [ind/m3]",
"biology","biomass","Bivalvia [ind/m3]","Bivalvia"
"biology","biomass","Calanoida [ind/m3]","Calanoida"
"biology","biomass","Chiridius obtusifrons [ind/m3]",
"biology","biomass","Clione limacina [ind/m3]",
"biology","biomass","Ctenophora [ind/m3]","Ctenophora"
"biology","biomass","Cyclopina schneideri [ind/m3]",
"biology","biomass","Decapoda - zoea [ind/m3]",
"biology","biomass","Decapoda [ind/m3]","Decapoda"
"biology","biomass","Eukrohnia hamata [ind/m3]",
"biology","biomass","Gaetanus brevispinus [ind/m3]",
"biology","biomass","Gaetanus tenuispinus [ind/m3]",
"biology","biomass","Gammarus wilkitzkii [ind/m3]",
"biology","biomass","Heterorhabdus norvegicus [ind/m3]",
"biology","biomass","Hydrozoa indet. [ind/m3]",
"biology","biomass","Isopoda [ind/m3]","Isopoda"
"biology","biomass","Limacina helicina [ind/m3]",
"biology","biomass","Meganyctiphanes norvegica [ind/m3]",
"biology","biomass","Oikopleura spp. [ind/m3]","Oikopleura spp."
"biology","biomass","Onisimus spp. [ind/m3]","Onisimus spp."
"biology","biomass","Ostracoda [ind/m3]","Ostracoda"
"biology","biomass","Paraeuchaeta barbata [ind/m3]",
"biology","biomass","Paraeuchaeta glacialis - AF [ind/m3]",
"biology","biomass","Paraeuchaeta norvegica - AF [ind/m3]",
"biology","biomass","Paraeuchaeta spp. [ind/m3]","Paraeuchaeta spp."
"biology","biomass","Parasagitta elegans [ind/m3]",
"biology","biomass","Pleuromamma robusta [ind/m3]",
"biology","biomass","Pseudocalanus spp. [ind/m3]","Pseudocalanus spp."
"biology","biomass","Pseudosagitta maxima [ind/m3]",
"biology","biomass","Scaphocalanus magnus [ind/m3]",
"biology","biomass","Scolecithricella minor [ind/m3]",
"biology","biomass","Siphonophorae [ind/m3]","Siphonophorae"
"biology","biomass","Spinocalanus antarcticus [ind/m3]",
"biology","biomass","Themisto abyssorum [ind/m3]",
"biology","biomass","Themisto libellula [ind/m3]",
"biology","biomass","Thysanoessa longicaudata [ind/m3]",
"biology","biomass","Thysanoessa raschii [ind/m3]",
"biology","biomass","Triconia borealis [ind/m3]",
"biology","biomass","Aeginopsis laurentii [ind/m3]",
"biology","biomass","Aetideidae (CI-CIII) [ind/m3]",
"biology","biomass","Aetideidae (CIV) [ind/m3]",
"biology","biomass","Aetideopsis minor [ind/m3]",
"biology","biomass","Aetideus armatus [ind/m3]",
"biology","biomass","Amphipoda [ind/m3]","Amphipoda"
"biology","biomass","Apherusa glacialis [ind/m3]",
"biology","biomass","Appendicularia [ind/m3]",
"biology","biomass","Augaptilus glacialis [ind/m3]",
"biology","biomass","Beröe cucumis [ind/m3]",
"biology","biomass","Bivalvia (veliger) [ind/m3]",
"biology","biomass","Boreomysis arctica [ind/m3]",
"biology","biomass","Botrynema ellinorae [ind/m3]",
"biology","biomass","Bryozoa (larvae) [ind/m3]",
"biology","biomass","Calanus finmarchicus (AF) [ind/m3]",
"biology","biomass","Calanus finmarchicus (AM) [ind/m3]",
"biology","biomass","Calanus finmarchicus (CI) [ind/m3]",
"biology","biomass","Calanus finmarchicus (CII) [ind/m3]",
"biology","biomass","Calanus finmarchicus (CIII) [ind/m3]",
"biology","biomass","Calanus finmarchicus (CIV) [ind/m3]",
"biology","biomass","Calanus finmarchicus (CV) [ind/m3]",
"biology","biomass","Calanus glacialis (AF) [ind/m3]",
"biology","biomass","Calanus glacialis (AM) [ind/m3]",
"biology","biomass","Calanus glacialis (CI) [ind/m3]",
"biology","biomass","Calanus glacialis (CII) [ind/m3]",
"biology","biomass","Calanus glacialis (CIII) [ind/m3]",
"biology","biomass","Calanus glacialis (CIV) [ind/m3]",
"biology","biomass","Calanus glacialis (CV) [ind/m3]",
"biology","biomass","Calanus hyperboreus (AF) [ind/m3]",
"biology","biomass","Calanus hyperboreus (AM) [ind/m3]",
"biology","biomass","Calanus hyperboreus (CI) [ind/m3]",
"biology","biomass","Calanus hyperboreus (CII) [ind/m3]",
"biology","biomass","Calanus hyperboreus (CIII) [ind/m3]",
"biology","biomass","Calanus hyperboreus (CIV) [ind/m3]",
"biology","biomass","Calanus hyperboreus (CV) [ind/m3]",
"biology","biomass","Cephalopoda [ind/m3]","Cephalopoda"
"biology","biomass","Cirripedia (cypris) [ind/m3]",
"biology","biomass","Cirripedia (nauplii) [ind/m3]",
"biology","biomass","Clione limacina (veliger) [ind/m3]",
"biology","biomass","Copepoda (nauplii) [ind/m3]",
"biology","biomass","Ctenophora (larvae) [ind/m3]",
"biology","biomass","Cumacea [ind/m3]","Cumacea"
"biology","biomass","Cyclocaris guilelmi [ind/m3]",
"biology","biomass","Cyclopoida [ind/m3]","Cyclopoida"
"biology","biomass","Decapoda (larvae) [ind/m3]",
"biology","biomass","Dimophyes arctica [ind/m3]",
"biology","biomass","Disco sp. [ind/m3]","Disco sp."
"biology","biomass","Echinodermata (larvae) [ind/m3]",
"biology","biomass","Euphausiacea (calyptopis) [ind/m3]",
"biology","biomass","Euphausiacea (furcilia) [ind/m3]",
"biology","biomass","Euphausiacea (nauplii) [ind/m3]",
"biology","biomass","Eusergestes arcticus (zoea) [ind/m3]",
"biology","biomass","Eusirus holmii [ind/m3]",
"biology","biomass","Facetotecta (nauplii) [ind/m3]",
"biology","biomass","Gaetanus tenuispinus (CV) [ind/m3]",
"biology","biomass","Gastropoda (veliger (incl. Margarites and Velutina)) [ind/m3]",
"biology","biomass","Gastropoda (veliger) [ind/m3]",
"biology","biomass","Halitholus cirratus [ind/m3]",
"biology","biomass","Harpacticoida [ind/m3]","Harpacticoida"
"biology","biomass","Homeognathia brevis [ind/m3]",
"biology","biomass","Hyas araneus (megalopa) [ind/m3]",
"biology","biomass","Hyas araneus (zoea) [ind/m3]",
"biology","biomass","Hydrozoa (larvae) [ind/m3]",
"biology","biomass","Hydrozoa (medusae) [ind/m3]",
"biology","biomass","Hymenodora glacialis [ind/m3]",
"biology","biomass","Hyperia galba [ind/m3]",
"biology","biomass","Hyperiidae [ind/m3]","Hyperiidae"
"biology","biomass","Hyperoche medusarum [ind/m3]",
"biology","biomass","Limacina helicina (veliger) [ind/m3]",
"biology","biomass","Limacina retroversa [ind/m3]",
"biology","biomass","Mesaiokeras spitsbergensis [ind/m3]",
"biology","biomass","Metridia longa (AF) [ind/m3]",
"biology","biomass","Metridia longa (AM) [ind/m3]",
"biology","biomass","Metridia longa (CI) [ind/m3]",
"biology","biomass","Metridia longa (CII) [ind/m3]",
"biology","biomass","Metridia longa (CIII) [ind/m3]",
"biology","biomass","Metridia longa (CIV) [ind/m3]",
"biology","biomass","Metridia longa (CV) [ind/m3]",
"biology","biomass","Metridia lucens [ind/m3]",
"biology","biomass","Monstrilloida [ind/m3]","Monstrilloida"
"biology","biomass","Mysidae [ind/m3]","Mysidae"
"biology","biomass","Nanomia cara [ind/m3]","Nanomia cara"
"biology","biomass","Nemertea (pilidium) [ind/m3]",
"biology","biomass","Neomormonilla minor [ind/m3]",
"biology","biomass","Neoscolecithrix farrani [ind/m3]",
"biology","biomass","Oncaea parila [ind/m3]",
"biology","biomass","Oncaea spp. (AF/AM) [ind/m3]",
"biology","biomass","Onisimus glacialis [ind/m3]",
"biology","biomass","Pagurus pubescens (megalopa) [ind/m3]",
"biology","biomass","Pagurus pubescens (zoea) [ind/m3]",
"biology","biomass","Pandalus borealis (zoea) [ind/m3]",
"biology","biomass","Paraeuchaeta barbata (AF) [ind/m3]",
"biology","biomass","Paraeuchaeta glacialis (AF) [ind/m3]",
"biology","biomass","Paraeuchaeta norvegica (AF) [ind/m3]",
"biology","biomass","Paraeuchaeta spp. (AM) [ind/m3]",
"biology","biomass","Paraeuchaeta spp. (CI) [ind/m3]",
"biology","biomass","Paraeuchaeta spp. (CII) [ind/m3]",
"biology","biomass","Paraeuchaeta spp. (CIII) [ind/m3]",
"biology","biomass","Paraeuchaeta spp. (CIV) [ind/m3]",
"biology","biomass","Paraeuchaeta spp. (CV) [ind/m3]",
"biology","biomass","Paraheterorhabdus compactus [ind/m3]",
"biology","biomass","Pelagobia sp. [ind/m3]","Pelagobia sp."
"biology","biomass","Pisces (larvae) [ind/m3]",
"biology","biomass","Polychaeta (adult) [ind/m3]",
"biology","biomass","Polychaeta (metatrochophora) [ind/m3]",
"biology","biomass","Polychaeta (mitraria) [ind/m3]",
"biology","biomass","Polychaeta (secondary larvae) [ind/m3]",
"biology","biomass","Polychaeta (trochophora) [ind/m3]",
"biology","biomass","Pseudocalanus acuspes (AF) [ind/m3]",
"biology","biomass","Pseudocalanus minutus (AF) [ind/m3]",
"biology","biomass","Pseudocalanus spp. (AM) [ind/m3]",
"biology","biomass","Pseudocalanus spp. (CI) [ind/m3]",
"biology","biomass","Pseudocalanus spp. (CII) [ind/m3]",
"biology","biomass","Pseudocalanus spp. (CIII) [ind/m3]",
"biology","biomass","Pseudocalanus spp. (CIV) [ind/m3]",
"biology","biomass","Pseudocalanus spp. (CV) [ind/m3]",
"biology","biomass","Pseudochirella spectabilis [ind/m3]",
"biology","biomass","Pseudomma truncatum [ind/m3]",
"biology","biomass","Rhincalanus nasutus [ind/m3]",
"biology","biomass","Sabinea septemcarinata (zoea) [ind/m3]",
"biology","biomass","Sarsia sp. [ind/m3]","Sarsia sp."
"biology","biomass","Scaphocalanus brevicornis [ind/m3]",
"biology","biomass","Scina borealis [ind/m3]",
"biology","biomass","Scyphozoa (larvae) [ind/m3]",
"biology","biomass","Siphonophora [ind/m3]","Siphonophora"
"biology","biomass","Spinocalanus horridus [ind/m3]",
"biology","biomass","Spinocalanus longicornis [ind/m3]",
"biology","biomass","Spinocalanus spp. [ind/m3]","Spinocalanus spp."
"biology","biomass","Tanaidacea [ind/m3]","Tanaidacea"
"biology","biomass","Temorites brevis [ind/m3]",
"biology","biomass","Tharybidae [ind/m3]","Tharybidae"
"biology","biomass","Tharybis groenlandicus [ind/m3]",
"biology","biomass","Tomopteris helgolandica [ind/m3]",
"biology","biomass","Tomopteris spp. [ind/m3]","Tomopteris spp."
"biology","biomass","Triconia borealis (AF/AM) [ind/m3]",
"biology","biomass","Triconia conifera [ind/m3]",
"biology","biomass","Triconia/Oncaea spp. (CI-CV) [ind/m3]",
"biology","biomass","Typhloscolecidae [ind/m3]",
"biology","biomass","Undinella oblonga [ind/m3]",
"biology","biomass","Xantharus siedleckii [ind/m3]",
"biology","biomass","Alexandrium sp. [cells/l]","Alexandrium sp."
"biology","biomass","Amphidinium crassum [cells/l]",
"biology","biomass","Chrysochromulina sp. [cells/l]","Chrysochromulina sp."
"biology","biomass","Cryptophyceae > 10um [cells/l]",
"biology","biomass","Dinophysis  sp. [cells/l]",
"biology","biomass","Emiliania huxleyi [cells/l]",
"biology","biomass","Flagellatae 3-7um [cells/l]",
"biology","biomass","Gymnodinium arcticum [cells/l]",
"biology","biomass","Gymnodinium galeatum [cells/l]",
"biology","biomass","Gymnodinium gracilentum [cells/l]",
"biology","biomass","Gymnodinium simplex [cells/l]",
"biology","biomass","Gyrodinium sp. [cells/l]","Gyrodinium sp."
"biology","biomass","Heterocapsa rotundata [cells/l]",
"biology","biomass","Mesodinium rubrum [cells/l]",
"biology","biomass","Phaeocystis pouchetii [cells/l]",
"biology","biomass","Prorocentrum sp. [cells/l]","Prorocentrum sp."
"biology","biomass","Pyramimonas sp. [cells/l]","Pyramimonas sp."
"biology","biomass","Strombididae non det. [cells/l]",
"biology","biomass","Teleaulax amphioxeia [cells/l]",
"biology","biomass","Amphidinium sphenoides [cells/l]",
"biology","biomass","Coccolithales  Non det. 5-10um [cells/l]",
"biology","biomass","Dinobryon balticum [cells/l]",
"biology","biomass","Dinobryon spp. cyst [cells/l]",
"biology","biomass","Flagellatae >7um [cells/l]",
"biology","biomass","Flagellatae ~3um [cells/l]",
"biology","biomass","Gymnodinium sp. 10-20um [cells/l]",
"biology","biomass","Gymnodinium wulffii [cells/l]",
"biology","biomass","Protoperidinium pallidum [cells/l]",
"biology","biomass","Thalassiosira antarctica [cells/l]",
"biology","biomass","Thalassiosira sp. [cells/l]","Thalassiosira sp."
"biology","biomass","Gymnodinium sp. < 10um [cells/l]",
"biology","biomass","Coccolithus pelagicus [cells/l]",
"biology","biomass","Pennate non det. 5-10um [cells/l]",
"biology","biomass","Pronoctiluca pelagica [cells/l]",
"biology","biomass","Cryptophyceae Non det. [cells/l]",
"biology","biomass","Lohmanniella oviformis [cells/l]",
"biology","biomass","Tintinnopsis sp. [cells/l]","Tintinnopsis sp."
"biology","biomass","Algirosphaera robusta [cells/l]",
"biology","biomass","Didinium gargantua [cells/l]",
"biology","biomass","Dinobryon faculiferum [cells/l]",
"biology","biomass","Dinoflagellatae Non det. [cells/l]",
"biology","biomass","Gymnodinium sp. [cells/l]","Gymnodinium sp."
"biology","biomass","Gymnodinium sp. 20-30um [cells/l]",
"biology","biomass","Katodinium glaucum [cells/l]",
"biology","biomass","Lennoxia faveolata [cells/l]",
"biology","biomass","Licmophora gracilis [cells/l]",
"biology","biomass","Navicula sp. [cells/l]","Navicula sp."
"biology","biomass","Prorocentrum cordatum  old Prorocentrum minimum [cells/l]",
"biology","biomass","Protoperidinium brevipes [cells/l]",
"biology","biomass","Pseudo-nitzschia granii [cells/l]",
"biology","biomass","Tontonia sp. [cells/l]",
"biology","biomass","Fragilariopsis sp. [cells/l]","Fragilariopsis sp."
"biology","biomass","Gyrodinium fusiforme [cells/l]",
"biology","biomass","Gyrodinium spirale [cells/l]",
"biology","biomass","Lessardia elongata [cells/l]",
"biology","biomass","Nematopsides vigilans [cells/l]",
"biology","biomass","Parafavella obtusangula [cells/l]",
"biology","biomass","Protoperidinium sp. [cells/l]","Protoperidinium sp."
"biology","biomass","Ptychocylis acuta [cells/l]",
"biology","biomass","Rhizosolenia hebetata f.semispina [cells/l]",
"biology","biomass","Gymnodinium sp. 30-40um [cells/l]",
"biology","biomass","Protoperidinium cerasus [cells/l]",
"biology","biomass","Scuticociliata non det. [cells/l]",
"biology","biomass","Spirotrichea non det. [cells/l]",
"biology","biomass","Torodinium robustum [cells/l]",
"biology","biomass","Choanoflagellida non det. [cells/l]",
"biology","biomass","Gyrodinium grave [cells/l]",
"biology","biomass","Laboea strobila [cells/l]",
"biology","biomass","Monosiga marina [cells/l]",
"biology","biomass","Strombidium sulcatum [cells/l]",
"biology","biomass","Thecate dinoflagellatae non det. 10-20um [cells/l]",
"biology","biomass","Unidentified cells 10-20um [cells/l]",
"biology","biomass","Acanthostomella norvegica [cells/l]",
"biology","biomass","Ciliophora non det Non det. 70-80um [cells/l]",
"biology","biomass","Gyrodinium formosum [cells/l]",
"biology","biomass","Leucocryptos marina [cells/l]",
"biology","biomass","Strombidium conicum [cells/l]",
"biology","biomass","Amphidinium longum [cells/l]",
"biology","biomass","Ciliophora non det Non det. 40-50um [cells/l]",
"biology","biomass","Didinium nasutum [cells/l]",
"biology","biomass","Dinophysis contracta [cells/l]",
"biology","biomass","Diplopelta bomba [cells/l]",
"biology","biomass","Pennate non det. 20-30um [cells/l]",
"biology","biomass","Pseudopedinella pyriformis [cells/l]",
"biology","biomass","Dictyochophyceae Non det. [cells/l]",
"biology","biomass","Dinobryon sp. [cells/l]","Dinobryon sp."
"biology","biomass","Eutintinnus inguilinus [cells/l]",
"biology","biomass","Eutreptiella sp. [cells/l]","Eutreptiella sp."
"biology","biomass","Fragilariopsis pseudonana [cells/l]",
"biology","biomass","Pachysphaera pelagica [cells/l]",
"biology","biomass","Protoperidinium pellucidum [cells/l]",
"biology","biomass","Thalassiosira sp. 10-20um [cells/l]",
"biology","biomass","Thecate dinoflagellatae non det. 30-40um [cells/l]",
"biology","biomass","Ciliophora non det Non det. 50-60um [cells/l]",
"biology","biomass","Foissneridium constrictum [cells/l]",
"biology","biomass","Gymnodinium sp. 1 [cells/l]",
"biology","biomass","Gyrodinium sp. 30-40um [cells/l]",
"biology","biomass","Ciliophora non det [cells/l]",
"biology","biomass","Chlorophyceae non det. [cells/l]",
"biology","biomass","Cryptophyceae < 10um [cells/l]",
"biology","biomass","Gymnodinium sp. cf. G. parvum (GG6) [cells/l]",
"biology","biomass","Coccolithales  non.det [cells/l]",
"biology","biomass","Flagellatae 5-10um [cells/l]",
"biology","biomass","Gymnodinium sp. krasnal [cells/l]",
"biology","biomass","Gyrodinium flagellare [cells/l]",
"biology","biomass","Heterocapsa  sp. [cells/l]",
"biology","biomass","Oxyrrhis  sp. [cells/l]",
"biology","biomass","Protoperidinium bipes [cells/l]",
"biology","biomass","Ceratoneis closterium [cells/l]",
"biology","biomass","Chlamydomonas sp. [cells/l]","Chlamydomonas sp."
"biology","biomass","Micracanthodinium claytonii [cells/l]",
"biology","biomass","Telonema sp. [cells/l]","Telonema sp."
"biology","biomass","Thalassiosira nordenskioeldii [cells/l]",
"biology","biomass","Fragilariopsis cylindrus [cells/l]",
"biology","biomass","Meringosphaera tenerrima [cells/l]",
"biology","biomass","Amphidinium sp. [cells/l]","Amphidinium sp."
"biology","biomass","Strobilidium  sp. [cells/l]",
"biology","biomass","Leegaardiella sol [cells/l]",
"biology","biomass","Alexandrium tamarense [cells/l]",
"biology","biomass","Azadinium spinosum [cells/l]",
"biology","biomass","Gymnodiniales indet. 40-50um [cells/l]",
"biology","biomass","Gymnodinium sp. 13 [cells/l]",
"biology","biomass","Parafavella gigantea [cells/l]",
"biology","biomass","Tintinnopsis beroidea [cells/l]",
"biology","biomass","Amylax triacantha [cells/l]",
"biology","biomass","Cell non det. 7 domek [cells/l]",
"biology","biomass","Didinium sp. [cells/l]","Didinium sp."
"biology","biomass","Dinophysis norvegica [cells/l]",
"biology","biomass","Eutintinnus sp. cf. E. tubulosus [cells/l]",
"biology","biomass","Gyrodinium sp. 1 [cells/l]",
"biology","biomass","Licmophora sp. [cells/l]","Licmophora sp."
"biology","biomass","Neoceratium arcticum [cells/l]",
"biology","biomass","Pentapharsodinium sp. cyst [cells/l]",
"biology","biomass","Ptychocylis obtusa [cells/l]",
"biology","biomass","Scrippsiella sp. [cells/l]","Scrippsiella sp."
"biology","biomass","Gyrodinium sp. 10-20um [cells/l]",
"biology","biomass","Gyrodinium sp. 20-30um [cells/l]",
"biology","biomass","Chaetoceros simplex [cells/l]",
"biology","biomass","Gymnodinium sp. 5 [cells/l]",
"biology","biomass","Gyrodinium sp. 2 [cells/l]",
"biology","biomass","Uronema marinum [cells/l]",
"biology","biomass","Pennate non det. [cells/l]",
"biology","biomass","Dinoflagellatae cyst [cells/l]",
"biology","biomass","Pseudo-nitzschia pungens [cells/l]",
"biology","biomass","Nitzschia sp. [cells/l]","Nitzschia sp."
"biology","biomass","Chaetoceros simplex cyst [cells/l]",
"biology","biomass","Commation  sp. [cells/l]",
"biology","biomass","Gonyaulax sp. [cells/l]","Gonyaulax sp."
"biology","biomass","Cochlodinium  sp. [cells/l]",
"biology","biomass","Heterocapsa triquetra [cells/l]",
"biology","biomass","Scrippsiella trochoidea [cells/l]",
"biology","biomass","Euplotes sp. [cells/l]","Euplotes sp."
"biology","biomass","Protoperidinium pyriforme [cells/l]",
"biology","biomass","Protoperidinium sp. 20-30um [cells/l]",
"biology","biomass","Plagioselmis prolonga [cells/l]",
"biology","biomass","Ciliophora non det Non det. 30-40um [cells/l]",
"biology","biomass","Bivalvia - veliger; 5 lt [ind/m3]",
"biology","biomass","Eukrohnia hamata; 5 lt [ind/m3]",
"biology","biomass","Euphausiacea - nauplii [ind/m3]",
"biology","biomass","Fritillaria borealis; 1 lt [ind/m3]",
"biology","biomass","Gastropoda - veliger; 5 gte [ind/m3]",
"biology","biomass","Limacina retroversa; 5 lt [ind/m3]",
"biology","biomass","Pseudocalanus minutus - CI [ind/m3]",
"biology","biomass","Pseudocalanus minutus - CII [ind/m3]",
"biology","biomass","Pseudocalanus minutus - CIII [ind/m3]",
"biology","biomass","Pseudocalanus minutus - CIV [ind/m3]",
"biology","biomass","Pseudocalanus minutus - CV [ind/m3]",
"biology","biomass","Triconia borealis - AF/AM [ind/m3]",
"biology","biomass","Triconia spp. - CI-CV [ind/m3]",
"biology","biomass","Cirripedia - parasitic nauplii [ind/m3]",
"biology","biomass","Ostracoda; 1 lt [ind/m3]",
"biology","biomass","Scolecithricella minor - CV [ind/m3]",
"biology","biomass","Acartia longiremis - CI-CIII [ind/m3]",
"biology","biomass","Acartia longiremis - CV [ind/m3]",
"biology","biomass","Bryozoa - larvae [ind/m3]",
"biology","biomass","Paraeuchaeta spp. - CV [ind/m3]",
"biology","biomass","Acartia longiremis - AF [ind/m3]",
"biology","biomass","Acartia longiremis - AM [ind/m3]",
"biology","biomass","Bradyidius similis - CV [ind/m3]",
"biology","biomass","Copepoda - ova [ind/m3]",
"biology","biomass","Decapoda - larvae [ind/m3]",
"biology","biomass","Euphausiacea - larvae calyptopis [ind/m3]",
"biology","biomass","Euphausiacea - ova [ind/m3]",
"biology","biomass","Pisces - larvae [ind/m3]",
"biology","biomass","Polychaeta - larvae [ind/m3]",
"biology","biomass","Sarsia princeps [ind/m3]",
"biology","biomass","Hydrozoa - medusae [ind/m3]",
"biology","biomass","Metridia lucens - AF [ind/m3]",
"biology","biomass","Metridia lucens - CV [ind/m3]",
"biology","biomass","Paraeuchaeta spp. - CIII [ind/m3]",
"biology","biomass","Scolecithricella minor - AF [ind/m3]",
"biology","biomass","Bradyidius similis - CIV [ind/m3]",
"biology","biomass","Metridia lucens - AM [ind/m3]",
"biology","biomass","Monstrillidae [ind/m3]",
"biology","biomass","Paraeuchaeta spp. - CII [ind/m3]",
"biology","biomass","Scolecithricella minor - CIII [ind/m3]",
"biology","biomass","Scolecithricella minor - CIV [ind/m3]",
"biology","biomass","Spinocalanus sp. - AM [ind/m3]",
"biology","biomass","Neoscolecithrix farrani - CV [ind/m3]",
"biology","biomass","Bradyidius similis - CII [ind/m3]",
"biology","biomass","Bradyidius similis - CIII [ind/m3]",
"biology","biomass","Bradyidius similis - CI [ind/m3]",
"biology","biomass","Neoscolecithrix farrani - AM [ind/m3]",
"biology","biomass","Neoscolecithrix farrani - CIV [ind/m3]",
"biology","biomass","Calanus spp. - AM [ind/m3]",
"biology","biomass","Aeginopsis laurentii; 5 gte [ind/m3]",
"biology","biomass","Acartia longiremis - CI [ind/m3]",
"biology","biomass","Acartia longiremis - CII [ind/m3]",
"biology","biomass","Aeginopsis laurentii; 5 lt [ind/m3]",
"biology","biomass","Amphipoda indet. [ind/m3]",
"biology","biomass","Eualus - zoea [ind/m3]",
"biology","biomass","Euphausiacea; 5 lt [ind/m3]",
"biology","biomass","Nemertea - pilidium [ind/m3]",
"biology","biomass","Euphysa flammea [ind/m3]",
"biology","biomass","Bradyidius similis - AM [ind/m3]",
"biology","biomass","Fritillaria borealis; 20 gte [ind/m3]",
"biology","biomass","Gaetanus tenuispinus - AF [ind/m3]",
"biology","biomass","Scolecithricella minor - AM [ind/m3]",
"biology","biomass","Metridia lucens - CIII [ind/m3]",
"biology","biomass","Calanoida indet. [ind/m3]",
"biology","biomass","Cumacea indet. [ind/m3]",
"biology","biomass","Heterorhabdus norvegicus - AF [ind/m3]",
"biology","biomass","Ostracoda; 2 gte [ind/m3]",
"biology","biomass","Ostracoda; 3 gte [ind/m3]",
"biology","biomass","Xantharus siedleckii - AF [ind/m3]",
"biology","biomass","Cirripedia - facetotecta [ind/m3]",
"biology","biomass","Pardalisca abyssi [ind/m3]",
"biology","biomass","Sabinea septemcarinata - zoea [ind/m3]",
"biology","biomass","Themisto spp.; 1 lt [ind/m3]",
"biology","biomass","Autolytus sp. [ind/m3]","Autolytus sp."
"biology","biomass","Gastropoda cf. Velutina - veliger [ind/m3]",
"biology","biomass","Harpacticoida indet. [ind/m3]",
"biology","biomass","Limacina retroversa (=cf. Margerites); 5 lt [ind/m3]",
"biology","biomass","Calanoida indet. A. clausi [ind/m3]",
"biology","biomass","Calanus finmarchicus - AF/AM [ind/m3]",
"biology","biomass","Calanus hyperboreus - AF/AM [ind/m3]",
"biology","biomass","Pseudocalanus spp. - AF/AM [ind/m3]",
"biology","biomass","Ostracoda - juvenile [ind/m3]",
"biology","biomass","Catablema vesicarium [ind/m3]",
"biology","biomass","Themisto spp. [ind/m3]","Themisto spp."
"biology","biomass","Clione limacina - larvae polytrochous [ind/m3]",
"biology","biomass","Clione limacina - adult [ind/m3]",
"biology","biomass","Foraminifera [ind/m3]",
"biology","biomass","Appendicularia - larvae [ind/m3]",
"biology","biomass","Acartia clausi - AF [ind/m3]",
"biology","biomass","Acartia longiremis - CIII [ind/m3]",
"biology","biomass","Acartia longiremis - CIV [ind/m3]",
"biology","biomass","Bivalvia - juvenile [ind/m3]",
"biology","biomass","Bradyidius similis - AF [ind/m3]",
"biology","biomass","Calanus hyperboreus - AM [ind/m3]",
"biology","biomass","Chaetognatha; 1 lt [ind/m3]",
"biology","biomass","Copepoda indet. [ind/m3]",
"biology","biomass","Cyclopoida indet. [ind/m3]",
"biology","biomass","Decapoda indet. - larvae [ind/m3]",
"biology","biomass","Enteropneusta - larvae tornaria [ind/m3]",
"biology","biomass","Eukrohnia sp.; 20 gte [ind/m3]",
"biology","biomass","Hydrozoa indet. - medusae [ind/m3]",
"biology","biomass","Isopoda indet. [ind/m3]",
"biology","biomass","Limacina retroversa; 5 gte [ind/m3]",
"biology","biomass","Mysis oculata [ind/m3]",
"biology","biomass","Oncaea parila cf. (=O. notopus) [ind/m3]",
"biology","biomass","Oncaea pumilis cf. [ind/m3]",
"biology","biomass","Oncaea spp. - AF/AM [ind/m3]",
"biology","biomass","Paraeuchaeta spp. - AM [ind/m3]",
"biology","biomass","Paraeuchaeta spp. - CI [ind/m3]",
"biology","biomass","Sergestes arcticus - zoea [ind/m3]",
"biology","biomass","Tanaidacea indet. [ind/m3]",
"biology","biomass","Triconia (=Oncaea borealis) - CI-CV [ind/m3]",
"biology","biomass","Triconia conifera cf. (=Oncaea spp.) [ind/m3]",
"biology","biomass","Boreogadus saida [ind/m3]",
"biology","biomass","Clione limacina; 5 lt [ind/m3]",
"biology","biomass","Ostracoda; 3 lte [ind/m3]",
"biology","biomass","Pagurus sp. [ind/m3]","Pagurus sp."
"biology","biomass","Pandalus borealis [ind/m3]",
"biology","biomass","Paraeuchaeta barbata - AF [ind/m3]",
"biology","biomass","Pagurus - megalopa [ind/m3]",
"biology","biomass","Pisces [ind/m3]","Pisces"
"biology","biomass","Acartia longiremis - CI-CV [ind/m3]",
"biology","biomass","Chaetognatha - juvenile [ind/m3]",
"biology","biomass","Limacina helicina - adult [ind/m3]",
"biology","biomass","Pseudocalanus acuspes - CIV [ind/m3]",
"biology","biomass","Pseudocalanus acuspes - CV [ind/m3]",
"biology","biomass","Pseudocalanus spp. - CI-CIII [ind/m3]",
"biology","biomass","Ctenophora - larvae [ind/m3]",
"biology","biomass","Nematoda [ind/m3]","Nematoda"
"biology","biomass","Ostracoda; 1 gt [ind/m3]",
"biology","biomass","Paraeuchaeta norvegica - AM [ind/m3]",
"biology","biomass","Heterorhabdus norvegicus - AM [ind/m3]",
"biology","biomass","Leucon sp. [ind/m3]","Leucon sp."
"biology","biomass","Polychaeta [ind/m3]","Polychaeta"
"biology","biomass","Polychaeta [ind/m3]","Polychaeta, other"
"biology","biomass","Heterorhabdus norvegicus - CV [ind/m3]",
"biology","biomass","Ostracoda; 2 gt [ind/m3]",
"biology","biomass","Calanus glacialis - AF/AM [ind/m3]",
"biology","biomass","Calanoida - AF [ind/m3]",
"biology","biomass","Xantharus siedleckii - CIII [ind/m3]",
"biology","biomass","Xantharus siedleckii - CV [ind/m3]",
"biology","biomass","Harpacticoida - juvenile [ind/m3]",
"biology","biomass","Mesaiokeras spitsbergensis - CIV-CV [ind/m3]",
"biology","biomass","Scolecithricella minor - CIV-CV [ind/m3]",
"biology","biomass","Xantharus siedleckii - CIII-CV [ind/m3]",
"biology","biomass","Gammaridae indet. [ind/m3]",
"biology","biomass","Mesaiokeras spitsbergensis - AF [ind/m3]",
"biology","biomass","Neoscolecithrix sp. - CV [ind/m3]",
"biology","biomass","Xantharus siedleckii - CIV [ind/m3]",
"biology","biomass","Decapoda cf. - zoea [ind/m3]",
"biology","biomass","Echinoidea - larvae [ind/m3]",
"biology","biomass","Metridia longa [ind/m3]",
"biology","biomass","Tunicata - larvae [ind/m3]",
"biology","biomass","Chiridius obtusifrons - CV [ind/m3]",
"biology","biomass","Arrhis phyllonyx [ind/m3]",
"biology","biomass","Hydrozoa indet. (cf. Plotocnide) - medusae [ind/m3]",
"biology","biomass","Scyphozoa cf. Ephyra Cyanea - larvae [ind/m3]",
"biology","biomass","Anthozoa cf. Cerinula - larvae [ind/m3]",
"biology","biomass","Pisces - ova [ind/m3]",
"biology","biomass","Hydrozoa [ind/m3]","Hydrozoa"
"biology","biomass","Xantharus siedleckii - AM [ind/m3]",
"biology","biomass","Pasiphaea tarda cf. [ind/m3]",
"biology","biomass","Mysida [ind/m3]","Mysida"
"biology","biomass","Siphonostomatoida [ind/m3]","Siphonostomatoida"
"biology","biomass","Scyphozoa - larvae [ind/m3]",
"biology","biomass","Rotifera [ind/m3]","Rotifera"
"biology","biomass","Aetideus armatus - AF [ind/m3]",
"biology","biomass","Metridia lucens - CIV [ind/m3]",
"biology","biomass","Stephos lamellatus - AF [ind/m3]",
"biology","biomass","Aetideopsis rostrata - AF [ind/m3]",
"biology","biomass","Chiridius obtusifrons - AF [ind/m3]",
"biology","biomass","Gaetanus brevispinus - AF [ind/m3]",
"biology","biomass","Aetideopsis rostrata - CV [ind/m3]",
"biology","biomass","Mesaiokeras spitsbergensis - AM [ind/m3]",
"biology","biomass","Mesaiokeras spitsbergensis - CIV [ind/m3]",
"biology","biomass","Mesaiokeras spitsbergensis - CV [ind/m3]",
"biology","biomass","Neoscolecithrix farrani - AF [ind/m3]",
"biology","biomass","Gammarellus homari [ind/m3]",
"biology","biomass","Euphausiacea - larvae furcilia [ind/m3]",
"biology","biomass","Onisimus litoralis [ind/m3]",
"biology","biomass","Cirripedia - larvae [ind/m3]",
"biology","biomass","Cirripedia - juvenile [ind/m3]",
"biology","biomass","Stygocyclopia sp. - AM [ind/m3]",
"biology","biomass","Acartia longiremis - AF/AM [ind/m3]",
"biology","biomass","Clione limacina - juvenile [ind/m3]",
"biology","biomass","Scolecithricella minor - AF/AM [ind/m3]",
"biology","biomass","Tubularia [ind/m3]",
"biology","biomass","Gaetanus tenuispinus - CIV [ind/m3]",
"biology","biomass","Scyphozoa sp. - larvae [ind/m3]",
"biology","biomass","Echinodermata [ind/m3]",
"biology","biomass","Monoculodes packardi [ind/m3]",
"biology","biomass","Bathyporeia sp. [ind/m3]",
"biology","biomass","Neoscolecithrix farrani - CIII [ind/m3]",
"biology","biomass","Sabinea septemcarinata cf. - zoea [ind/m3]",
"biology","biomass","Ammodytes sp. [ind/m3]","Ammodytes sp."
"biology","biomass","Aspidophoroides monopterygius [ind/m3]",
"biology","biomass","Gadus morhua [ind/m3]",
"biology","biomass","Pholidae sp [ind/m3]",
"biology","biomass","Stichaeus punctatus [ind/m3]",
"biology","biomass","Leptochlinus maculatus [ind/m3]",
"biology","biomass","Mallotus villosus [ind/m3]",
"biology","biomass","Myoxocephalus scorpius [ind/m3]",
"biology","biomass","Hippoglossoides platessoides [ind/m3]",
"biology","biomass","Bathylagus euryops [ind/m3]",
"biology","biomass","Lumpenus lampretaeformis [ind/m3]",
"biology","biomass","Leptagonus decagonus [ind/m3]",
"biology","biomass","Myoxycephalus scorpius [ind/m3]",
"biology","biomass","Gadus ogac [ind/m3]",
"biology","biomass","Liparis sp. [ind/m3]","Liparis sp."
"biology","biomass","Pholis fasciatus [ind/m3]",
"biology","biomass","Triglops murrayi [ind/m3]",
"biology","biomass","Sebastes sp. [ind/m3]",
"biology","biomass","Pholis gunellus [ind/m3]",
"biology","biomass","Liparis gibbus [ind/m3]",
"biology","biomass","Pholis sp. [ind/m3]",
"biology","biomass","Paralithodes camtschaticus [count]",
"biology","primary production","chl_fluor [µg/l]",
"biology","primary production","Chla - 10um [µg/l]",
"biology","primary production","Chla - GFF [µg/l]",
"biology","primary production","Chla [µg/l]","Chlamydomonadina"
"biology","primary production","PP [mg C/m3/d]","Paleoproductivity as carbon"
"biology","primary production","PP [mg C/m3/d]","Petroleum potential"
"biology","primary production","PP [mg C/m3/d]","Phosphorus, particulate"
"biology","primary production","PP [mg C/m3/d]","Polypropylene"
"biology","primary production","PP [mg C/m3/d]","Primary production"
"biology","primary production","Hippoglossus hippoglossus [presence]",
"biology","primary production","Reinhardtius hippoglossoides [presence]",
"biology","primary production","chl_flu [µg chl m-3]",
"biology","primary production","pp_chla [mg C µg Chla-1 m–3 day-1]",
"biology","primary production","pp_vol [mg C m-3 day-1]",
"biology","primary production","alpha_chl [g C g-1 Chl mol-1 photons m2]",
"biology","primary production","chla_area_GFF_frac [mg Chla m-2]",
"biology","primary production","chla_area_plus_10_frac [mg Chla m-2]",
"biology","primary production","chla_GFF_conc [µg Chla m-3]",
"biology","primary production","chla_plus_10_conc [µg Chla m-3]",
"biology","primary production","chla_plus_10_frac",
"biology","primary production","pm_chl [g C g-1 Chl h-1]",
"biology","primary production","PP_area_disolv_frac [mg C m-2 day-1]",
"biology","primary production","PP_area_GFF_frac [mg C m-2 day-1]",
"biology","primary production","PP_area_plus_10_frac [mg C m-2 day-1]",
"biology","primary production","PP_dissolv_frac",
"biology","primary production","PP_GFF_frac",
"biology","primary production","PP_plus_10_frac",
"biology","primary production","TOTAL_chla_area",
"biology","primary production","TOTAL_PP_area",
"biology","primary production","chla_GFF_frac",
"biology","species richness","Acartia longiremis [presence]",
"biology","species richness","Aetideidae [presence]","Aetideidae"
"biology","species richness","Aglantha digitale [presence]",
"biology","species richness","Beroe cucumis [presence]",
"biology","species richness","Bivalvia [presence]","Bivalvia"
"biology","species richness","Bopyridae [presence]","Bopyridae"
"biology","species richness","Bougainvillia sp. [presence]","Bougainvillia sp."
"biology","species richness","Bradyidius similis [presence]",
"biology","species richness","Calanus finmarchicus [presence]",
"biology","species richness","Calanus glacialis [presence]",
"biology","species richness","Calanus hyperboreus [presence]",
"biology","species richness","Cirripedia [presence]","Cirripedia"
"biology","species richness","Clione limacina [presence]",
"biology","species richness","Copepoda [presence]","Copepoda"
"biology","species richness","Copepoda [presence]","Copepoda, biomass"
"biology","species richness","Decapoda [presence]","Decapoda"
"biology","species richness","Echinodermata [presence]",
"biology","species richness","Eukrohnia hamata [presence]",
"biology","species richness","Eukrohnia sp. [presence]","Eukrohnia sp."
"biology","species richness","Euphausiacea furcilia [presence]","Euphausiacea, furcilia"
"biology","species richness","Evadne nordmanni [presence]",
"biology","species richness","Fritillaria borealis [presence]",
"biology","species richness","Gastropoda [presence]","Gastropoda"
"biology","species richness","Halitholus cirratus cf. [presence]",
"biology","species richness","Halitholus pauper cf. [presence]",
"biology","species richness","Hyas [presence]","Hyas"
"biology","species richness","Hydrozoa [presence]","Hydrozoa"
"biology","species richness","Hyperiidae [presence]","Hyperiidae"
"biology","species richness","Limacina helicina [presence]",
"biology","species richness","Mertensia ovum [presence]","Mertensia ovum"
"biology","species richness","Metridia longa [presence]",
"biology","species richness","Microcalanus sp. [presence]","Microcalanus sp."
"biology","species richness","Microsetella norvegica [presence]",
"biology","species richness","Oikopleura spp. [presence]","Oikopleura spp."
"biology","species richness","Oithona atlantica [presence]",
"biology","species richness","Oithona similis [presence]",
"biology","species richness","Onisimus sp. [presence]","Onisimus sp."
"biology","species richness","Ostracoda [presence]","Ostracoda"
"biology","species richness","Pagurus [presence]",
"biology","species richness","Pandalus borealis [presence]",
"biology","species richness","Paraeuchaeta sp. [presence]","Paraeuchaeta sp."
"biology","species richness","Paraeuchaeta sp.V [presence]",
"biology","species richness","Parasagitta elegans [presence]",
"biology","species richness","Polychaeta [presence]","Polychaeta"
"biology","species richness","Polychaeta [presence]","Polychaeta, other"
"biology","species richness","Polychaeta metatrochophora [presence]",
"biology","species richness","Polychaeta mitraria [presence]",
"biology","species richness","Polychaeta secondary [presence]",
"biology","species richness","Polychaeta trochophora [presence]",
"biology","species richness","Pseudocalanus acuspes [presence]",
"biology","species richness","Pseudocalanus minutus [presence]",
"biology","species richness","Pseudocalanus sp. [presence]","Pseudocalanus sp."
"biology","species richness","Spinocalanus antarcticus [presence]",
"biology","species richness","Themisto abyssorum [presence]",
"biology","species richness","Themisto libellula [presence]",
"biology","species richness","Thysanoessa inermis [presence]",
"biology","species richness","Triconia borealis (=Oncaea borealis) [presence]",
"biology","species richness","Triconia borealis [presence]",
"biology","species richness","spp count [n]",
"biology","species richness","Acanthostomella norvegica [presence]",
"biology","species richness","Acartia clausi [presence]",
"biology","species richness","Aeginopsis laurentii [presence]",
"biology","species richness","Aetideopsis minor [presence]",
"biology","species richness","Aetideopsis rostrata [presence]",
"biology","species richness","Aetideus armatus [presence]",
"biology","species richness","Alexandrium sp. [presence]","Alexandrium sp."
"biology","species richness","Alexandrium tamarense [presence]",
"biology","species richness","Algirosphaera robusta [presence]",
"biology","species richness","Amphidinium crassum [presence]",
"biology","species richness","Amphidinium longum [presence]",
"biology","species richness","Amphidinium sp. [presence]","Amphidinium sp."
"biology","species richness","Amphidinium sphenoides [presence]",
"biology","species richness","Amphipoda [presence]","Amphipoda"
"biology","species richness","Amylax triacantha [presence]",
"biology","species richness","Anthozoa cf. Cerinula [presence]",
"biology","species richness","Apherusa glacialis [presence]",
"biology","species richness","Appendicularia [presence]",
"biology","species richness","Arrhis phyllonyx [presence]",
"biology","species richness","Augaptilus glacialis [presence]",
"biology","species richness","Autolytus sp. [presence]","Autolytus sp."
"biology","species richness","Azadinium spinosum [presence]",
"biology","species richness","Bathyporeia sp. [presence]",
"biology","species richness","Beröe cucumis [presence]",
"biology","species richness","Boreomysis arctica [presence]",
"biology","species richness","Botrynema ellinorae [presence]",
"biology","species richness","Bradyidius similisI [presence]",
"biology","species richness","Bradyidius similisII [presence]",
"biology","species richness","Bradyidius similisV [presence]",
"biology","species richness","Bryozoa [presence]","Bryozoa"
"biology","species richness","Calanoida [presence]","Calanoida"
"biology","species richness","Calanoida A. clausi [presence]",
"biology","species richness","Calanus sp. [presence]","Calanus sp."
"biology","species richness","Catablema vesicarium [presence]",
"biology","species richness","Cell. 7 domek [presence]",
"biology","species richness","Cephalopoda [presence]","Cephalopoda"
"biology","species richness","Ceratoneis closterium [presence]",
"biology","species richness","Chaetoceros simplex  [presence]",
"biology","species richness","Chaetoceros simplex [presence]",
"biology","species richness","Chaetognatha [presence]","Chaetognatha"
"biology","species richness","Chiridius obtusifrons [presence]",
"biology","species richness","Chlamydomonas sp. [presence]","Chlamydomonas sp."
"biology","species richness","Chlorophyceae. [presence]",
"biology","species richness","Choanoflagellida. [presence]",
"biology","species richness","Chrysochromulina sp. [presence]","Chrysochromulina sp."
"biology","species richness","Ciliophora [presence]","Ciliophora"
"biology","species richness","Clione limacina polytrochous [presence]",
"biology","species richness","Coccolithales  [presence]",
"biology","species richness","Coccolithales [presence]","Coccolithales"
"biology","species richness","Coccolithus pelagicus [presence]",
"biology","species richness","Cochlodinium sp. [presence]","Cochlodinium sp."
"biology","species richness","Commation sp. [presence]",
"biology","species richness","Cryptophyceae [presence]","Cryptophyceae"
"biology","species richness","Ctenophora [presence]","Ctenophora"
"biology","species richness","Cumacea [presence]","Cumacea"
"biology","species richness","Cyclocaris guilelmi [presence]",
"biology","species richness","Cyclopoida [presence]","Cyclopoida"
"biology","species richness","Decapoda cf. [presence]",
"biology","species richness","Dictyochophyceae [presence]","Dictyochophyceae"
"biology","species richness","Didinium gargantua [presence]",
"biology","species richness","Didinium nasutum [presence]",
"biology","species richness","Didinium sp. [presence]","Didinium sp."
"biology","species richness","Dimophyes arctica [presence]",
"biology","species richness","Dinobryon balticum [presence]",
"biology","species richness","Dinobryon faculiferum [presence]",
"biology","species richness","Dinobryon sp.  [presence]",
"biology","species richness","Dinobryon sp. [presence]","Dinobryon sp."
"biology","species richness","Dinoflagellatae  [presence]",
"biology","species richness","Dinoflagellatae [presence]",
"biology","species richness","Dinophysis contracta [presence]",
"biology","species richness","Dinophysis norvegica [presence]",
"biology","species richness","Dinophysis sp. [presence]","Dinophysis sp."
"biology","species richness","Diplopelta bomba [presence]",
"biology","species richness","Disco sp. [presence]","Disco sp."
"biology","species richness","Echinoidea [presence]","Echinoidea"
"biology","species richness","Emiliania huxleyi [presence]",
"biology","species richness","Eualus [presence]",
"biology","species richness","Euphausiacea [presence]","Euphausiacea"
"biology","species richness","Euphausiacea calyptopis [presence]","Euphausiacea, calyptopis"
"biology","species richness","Euphysa flammea [presence]",
"biology","species richness","Euplotes sp. [presence]","Euplotes sp."
"biology","species richness","Eusergestes arcticus [presence]",
"biology","species richness","Eusirus holmii [presence]",
"biology","species richness","Eutintinnus inguilinus [presence]",
"biology","species richness","Eutintinnus sp. cf. E. tubulosus [presence]",
"biology","species richness","Eutreptiella sp. [presence]","Eutreptiella sp."
"biology","species richness","Facetotecta [presence]","Facetotecta"
"biology","species richness","Flagellatae [presence]",
"biology","species richness","Flagellatae-10um [presence]",
"biology","species richness","Foissneridium constrictum [presence]",
"biology","species richness","Foraminifera [presence]",
"biology","species richness","Fragilariopsis cylindrus [presence]",
"biology","species richness","Fragilariopsis pseudonana [presence]",
"biology","species richness","Fragilariopsis sp. [presence]","Fragilariopsis sp."
"biology","species richness","Gaetanus brevispinus [presence]",
"biology","species richness","Gaetanus tenuispinus [presence]",
"biology","species richness","Gaetanus tenuispinusV [presence]",
"biology","species richness","Gammarellus homari [presence]",
"biology","species richness","Gammaridae [presence]","Gammaridae"
"biology","species richness","Gastropoda cf. Velutina [presence]",
"biology","species richness","Gonyaulax sp. [presence]","Gonyaulax sp."
"biology","species richness","Gymnodiniales [presence]","Gymnodiniales"
"biology","species richness","Gymnodinium arcticum [presence]",
"biology","species richness","Gymnodinium galeatum [presence]",
"biology","species richness","Gymnodinium gracilentum [presence]",
"biology","species richness","Gymnodinium simplex [presence]",
"biology","species richness","Gymnodinium sp. [presence]","Gymnodinium sp."
"biology","species richness","Gymnodinium sp. cf. G. parvum [presence]",
"biology","species richness","Gymnodinium sp. krasnal [presence]",
"biology","species richness","Gymnodinium wulffii [presence]",
"biology","species richness","Gyrodinium flagellare [presence]",
"biology","species richness","Gyrodinium formosum [presence]",
"biology","species richness","Gyrodinium fusiforme [presence]",
"biology","species richness","Gyrodinium grave [presence]",
"biology","species richness","Gyrodinium sp. [presence]","Gyrodinium sp."
"biology","species richness","Gyrodinium spirale [presence]",
"biology","species richness","Halitholus cirratus [presence]",
"biology","species richness","Harpacticoida [presence]","Harpacticoida"
"biology","species richness","Heterocapsa rotundata [presence]",
"biology","species richness","Heterocapsa sp. [presence]","Heterocapsa sp."
"biology","species richness","Heterocapsa triquetra [presence]",
"biology","species richness","Heterorhabdus norvegicus [presence]",
"biology","species richness","Homeognathia brevis [presence]",
"biology","species richness","Hyas araneus [presence]",
"biology","species richness","Hydrozoa (cf. Plotocnide) [presence]",
"biology","species richness","Hymenodora glacialis [presence]",
"biology","species richness","Hyperia galba [presence]",
"biology","species richness","Hyperoche medusarum [presence]",
"biology","species richness","Isopoda [presence]","Isopoda"
"biology","species richness","Katodinium glaucum [presence]",
"biology","species richness","Laboea strobila [presence]",
"biology","species richness","Leegaardiella sol [presence]",
"biology","species richness","Lennoxia faveolata [presence]",
"biology","species richness","Lessardia elongata [presence]",
"biology","species richness","Leucocryptos marina [presence]",
"biology","species richness","Leucon sp. [presence]","Leucon sp."
"biology","species richness","Licmophora gracilis [presence]",
"biology","species richness","Licmophora sp. [presence]","Licmophora sp."
"biology","species richness","Limacina retroversa (=cf. Margerites) [presence]",
"biology","species richness","Limacina retroversa [presence]",
"biology","species richness","Lohmanniella oviformis [presence]",
"biology","species richness","Meganyctiphanes norvegica [presence]",
"biology","species richness","Meringosphaera tenerrima [presence]",
"biology","species richness","Mesaiokeras spitsbergensis [presence]",
"biology","species richness","Mesaiokeras spitsbergensisV [presence]",
"biology","species richness","Mesodinium rubrum [presence]",
"biology","species richness","Metridia lucens [presence]",
"biology","species richness","Micracanthodinium claytonii [presence]",
"biology","species richness","Monoculodes packardi [presence]",
"biology","species richness","Monosiga marina [presence]",
"biology","species richness","Monstrillidae [presence]",
"biology","species richness","Monstrilloida [presence]","Monstrilloida"
"biology","species richness","Mysida [presence]","Mysida"
"biology","species richness","Mysidae [presence]","Mysidae"
"biology","species richness","Nanomia cara [presence]","Nanomia cara"
"biology","species richness","Navicula sp. [presence]","Navicula sp."
"biology","species richness","Nematoda [presence]","Nematoda"
"biology","species richness","Nematopsides vigilans [presence]",
"biology","species richness","Nemertea [presence]","Nemertea"
"biology","species richness","Neoceratium arcticum [presence]",
"biology","species richness","Neomormonilla minor [presence]",
"biology","species richness","Neoscolecithrix farrani [presence]",
"biology","species richness","Neoscolecithrix sp. [presence]","Neoscolecithrix sp."
"biology","species richness","Nitzschia sp. [presence]","Nitzschia sp."
"biology","species richness","Oikopleura sp. [presence]","Oikopleura sp."
"biology","species richness","Oncaea parila [presence]",
"biology","species richness","Oncaea sp. [presence]","Oncaea sp."
"biology","species richness","Onisimus glacialis [presence]",
"biology","species richness","Onisimus litoralis [presence]",
"biology","species richness","Oxyrrhis sp. [presence]","Oxyrrhis sp."
"biology","species richness","Pachysphaera pelagica [presence]",
"biology","species richness","Pagurus pubescens [presence]",
"biology","species richness","Pagurus sp. [presence]","Pagurus sp."
"biology","species richness","Paraeuchaeta barbata [presence]",
"biology","species richness","Paraeuchaeta glacialis [presence]",
"biology","species richness","Paraeuchaeta norvegica [presence]",
"biology","species richness","Paraeuchaeta sp.I [presence]",
"biology","species richness","Paraeuchaeta sp.II [presence]",
"biology","species richness","Parafavella gigantea [presence]",
"biology","species richness","Parafavella obtusangula [presence]",
"biology","species richness","Paraheterorhabdus compactus [presence]",
"biology","species richness","Pardalisca abyssi [presence]",
"biology","species richness","Pasiphaea tarda cf. [presence]",
"biology","species richness","Pelagobia sp. [presence]","Pelagobia sp."
"biology","species richness","Pennate diatoms [presence]",
"biology","species richness","Pentapharsodinium sp.  [presence]",
"biology","species richness","Phaeois pouchetii [presence]",
"biology","species richness","Pisces [presence]","Pisces"
"biology","species richness","Plagioselmis prolonga [presence]",
"biology","species richness","Pleuromamma robusta [presence]",
"biology","species richness","Pronoctiluca pelagica [presence]",
"biology","species richness","Prorocentrum cordatum old Prorocentrum minimum [presence]",
"biology","species richness","Prorocentrum sp. [presence]","Prorocentrum sp."
"biology","species richness","Protoperidinium bipes [presence]",
"biology","species richness","Protoperidinium brevipes [presence]",
"biology","species richness","Protoperidinium cerasus [presence]",
"biology","species richness","Protoperidinium pallidum [presence]",
"biology","species richness","Protoperidinium pellucidum [presence]",
"biology","species richness","Protoperidinium pyriforme [presence]",
"biology","species richness","Protoperidinium sp. [presence]","Protoperidinium sp."
"biology","species richness","Pseudo-nitzschia granii [presence]",
"biology","species richness","Pseudo-nitzschia pungens [presence]",
"biology","species richness","Pseudochirella spectabilis [presence]",
"biology","species richness","Pseudomma truncatum [presence]",
"biology","species richness","Pseudopedinella pyriformis [presence]",
"biology","species richness","Pseudosagitta maxima [presence]",
"biology","species richness","Ptychocylis acuta [presence]",
"biology","species richness","Ptychocylis obtusa [presence]",
"biology","species richness","Pyramimonas sp. [presence]","Pyramimonas sp."
"biology","species richness","Rhincalanus nasutus [presence]",
"biology","species richness","Rhizosolenia hebetata f.semispina [presence]",
"biology","species richness","Rotifera [presence]","Rotifera"
"biology","species richness","Sabinea septemcarinata [presence]",
"biology","species richness","Sabinea septemcarinata cf. [presence]",
"biology","species richness","Sarsia princeps [presence]",
"biology","species richness","Sarsia sp. [presence]","Sarsia sp."
"biology","species richness","Scaphocalanus brevicornis [presence]",
"biology","species richness","Scaphocalanus magnus [presence]",
"biology","species richness","Scina borealis [presence]",
"biology","species richness","Scolecithricella minor [presence]",
"biology","species richness","Scrippsiella sp. [presence]","Scrippsiella sp."
"biology","species richness","Scrippsiella trochoidea [presence]",
"biology","species richness","Scuticociliata. [presence]",
"biology","species richness","Scyphozoa [presence]","Scyphozoa"
"biology","species richness","Scyphozoa cf. Ephyra Cyanea [presence]",
"biology","species richness","Scyphozoa sp. [presence]",
"biology","species richness","Sergestes arcticus [presence]",
"biology","species richness","Siphonophora [presence]","Siphonophora"
"biology","species richness","Siphonophorae [presence]","Siphonophorae"
"biology","species richness","Siphonostomatoida [presence]","Siphonostomatoida"
"biology","species richness","Spinocalanus horridus [presence]",
"biology","species richness","Spinocalanus longicornis [presence]",
"biology","species richness","Spinocalanus sp. [presence]","Spinocalanus sp."
"biology","species richness","Spirotrichea. [presence]",
"biology","species richness","Stephos lamellatus [presence]",
"biology","species richness","Strobilidium sp. [presence]","Strobilidium sp."
"biology","species richness","Strombididae. [presence]",
"biology","species richness","Strombidium conicum [presence]",
"biology","species richness","Strombidium sulcatum [presence]",
"biology","species richness","Stygocyclopia sp. [presence]",
"biology","species richness","Tanaidacea [presence]","Tanaidacea"
"biology","species richness","Teleaulax amphioxeia [presence]",
"biology","species richness","Telonema sp. [presence]","Telonema sp."
"biology","species richness","Temorites brevis [presence]",
"biology","species richness","Thalassiosira antarctica [presence]",
"biology","species richness","Thalassiosira nordenskioeldii [presence]",
"biology","species richness","Thalassiosira sp. [presence]","Thalassiosira sp."
"biology","species richness","Tharybidae [presence]","Tharybidae"
"biology","species richness","Tharybis groenlandicus [presence]",
"biology","species richness","Thecate dinoflagellatae. [presence]",
"biology","species richness","Themisto sp. [presence]","Themisto sp."
"biology","species richness","Themisto spp. [presence]","Themisto spp."
"biology","species richness","Thysanoessa longicaudata [presence]",
"biology","species richness","Thysanoessa raschii [presence]",
"biology","species richness","Tintinnopsis beroidea [presence]",
"biology","species richness","Tintinnopsis sp. [presence]","Tintinnopsis sp."
"biology","species richness","Tomopteris helgolandica [presence]",
"biology","species richness","Tomopteris sp. [presence]","Tomopteris sp."
"biology","species richness","Tontonia sp. [presence]",
"biology","species richness","Torodinium robustum [presence]",
"biology","species richness","Triconia (=Oncaea borealis) [presence]",
"biology","species richness","Triconia conifera [presence]",
"biology","species richness","Triconia conifera cf. (=Oncaea spp.) [presence]",
"biology","species richness","Triconia sp. [presence]",
"biology","species richness","Triconia/Oncaea sp. [presence]",
"biology","species richness","Tubularia [presence]",
"biology","species richness","Tunicata [presence]","Tunicata"
"biology","species richness","Typhloscolecidae [presence]",
"biology","species richness","Undinella oblonga [presence]",
"biology","species richness","Unidentified cells [presence]",
"biology","species richness","Uronema marinum [presence]",
"biology","species richness","Xantharus siedleckii [presence]",
"biology","species richness","Xantharus siedleckiiII [presence]",
"biology","species richness","Xantharus siedleckiiV [presence]",
"biology","species richness","A. nodosum [presence]","Ascophyllum nodosum"
"biology","species richness","Achnanthes groenlandica [presence]",
"biology","species richness","Achnanthes longipes [presence]",
"biology","species richness","Achnanthes taeniata [presence]",
"biology","species richness","Actinocyclus normanii [presence]",
"biology","species richness","Actinocyclus sp. [presence]","Actinocyclus sp."
"biology","species richness","Actinocyclus tennuissimus [presence]",
"biology","species richness","Ammodytes sp. [presence]","Ammodytes sp."
"biology","species richness","Amphora maletractata [presence]",
"biology","species richness","Amphora marina [presence]",
"biology","species richness","Amphora sp. [presence]","Amphora sp."
"biology","species richness","Aspidophoroides monopterygius [presence]",
"biology","species richness","Asteromphalus hyalinus [presence]",
"biology","species richness","Asteromphalus sp. [presence]","Asteromphalus sp."
"biology","species richness","Attheya septentrionalis [presence]",
"biology","species richness","Attheya sp. [presence]","Attheya sp."
"biology","species richness","Aulacoseira sp. [presence]","Aulacoseira sp."
"biology","species richness","Bacteriosira bathyomphala [presence]",
"biology","species richness","Bacterosira bathyomphala [presence]",
"biology","species richness","Bacterosira sp. [presence]",
"biology","species richness","Bathylagus euryops [presence]",
"biology","species richness","Bellerochea sp.  [presence]",
"biology","species richness","Berkeleya rutilans  [presence]",
"biology","species richness","Centric diatoms [presence]",
"biology","species richness","Ceratium arcticum [presence]",
"biology","species richness","Ceratium bucefalum [presence]",
"biology","species richness","Ceratium bucephalum [presence]",
"biology","species richness","Ceratium furca [presence]",
"biology","species richness","Ceratium fusus [presence]",
"biology","species richness","Ceratium horridum [presence]",
"biology","species richness","Ceratium lineatum [presence]",
"biology","species richness","Ceratium sp. [presence]","Ceratium sp."
"biology","species richness","Ceratulina sp. [presence]",
"biology","species richness","cf Rotaliida [presence]",
"biology","species richness","Chaetoceros affinis [presence]",
"biology","species richness","Chaetoceros atlanticus [presence]",
"biology","species richness","Chaetoceros borealis [presence]",
"biology","species richness","Chaetoceros cf convolutus [presence]",
"biology","species richness","Chaetoceros cf curvisetus [presence]",
"biology","species richness","Chaetoceros cf diadema [presence]",
"biology","species richness","Chaetoceros concavicornis [presence]",
"biology","species richness","Chaetoceros convolutus [presence]",
"biology","species richness","Chaetoceros costatus [presence]",
"biology","species richness","Chaetoceros curvisetus [presence]",
"biology","species richness","Chaetoceros danicus [presence]",
"biology","species richness","Chaetoceros debilis [presence]",
"biology","species richness","Chaetoceros decipiens [presence]",
"biology","species richness","Chaetoceros diadema [presence]",
"biology","species richness","Chaetoceros didyma [presence]",
"biology","species richness","Chaetoceros eibenii [presence]",
"biology","species richness","Chaetoceros fallax [presence]",
"biology","species richness","Chaetoceros furcellatus [presence]",
"biology","species richness","Chaetoceros mitra [presence]",
"biology","species richness","Chaetoceros nordenskioeldii [presence]",
"biology","species richness","Chaetoceros socialis [presence]",
"biology","species richness","Chaetoceros sp. [presence]","Chaetoceros sp."
"biology","species richness","Chaetoceros wighamii [presence]",
"biology","species richness","Chlamydamonas sp. [presence]",
"biology","species richness","Ciliata [presence]",
"biology","species richness","ciliata sp. [presence]",
"biology","species richness","Cocconeis costata [presence]",
"biology","species richness","Cocconeis scutellum [presence]",
"biology","species richness","Cocconeis sp. [presence]","Cocconeis sp."
"biology","species richness","Corethron hystix [presence]",
"biology","species richness","Corethron hystrix [presence]",
"biology","species richness","Coscinodiscus centralis [presence]",
"biology","species richness","Coscinodiscus granii [presence]",
"biology","species richness","Coscinodiscus sp. [presence]","Coscinodiscus sp."
"biology","species richness","Coxiella helix [presence]",
"biology","species richness","Cryptomonas sp. [presence]","Cryptomonas sp."
"biology","species richness","Cylindrotheca closterium [presence]",
"biology","species richness","Dactyliosolen fragilissimus [presence]",
"biology","species richness","Dactyliosolen sp. [presence]","Dactyliosolen sp."
"biology","species richness","Detonula confervacea [presence]",
"biology","species richness","Detonula confervaceae [presence]",
"biology","species richness","Detonula sp. [presence]","Detonula sp."
"biology","species richness","Dictyoa elegans [presence]",
"biology","species richness","Dictyocha fibula [presence]",
"biology","species richness","Dictyocha speculum [presence]",
"biology","species richness","Dinoflagellata [presence]","Dinoflagellata"
"biology","species richness","dinoflagellata s [presence]",
"biology","species richness","dinoflagellata sp. [presence]",
"biology","species richness","Dinophysis acuminata [presence]",
"biology","species richness","Dinophysis acuta [presence]",
"biology","species richness","Dinophysis dens [presence]","Dinophysis dens"
"biology","species richness","Dinophysis odiosa [presence]",
"biology","species richness","Dinophysis ovata [presence]",
"biology","species richness","Dinophysis rotundata [presence]",
"biology","species richness","Dinophysis skaagii [presence]",
"biology","species richness","Diploneis littoralis [presence]",
"biology","species richness","Diploneis smithii [presence]",
"biology","species richness","Diploneis sp. [presence]","Diploneis sp."
"biology","species richness","Distephanus speculum [presence]",
"biology","species richness","Donkinia sp. [presence]","Donkinia sp."
"biology","species richness","Ebria tripartita [presence]",
"biology","species richness","Elphidium excavatum [presence]",
"biology","species richness","Ensiculifera sp. [presence]","Ensiculifera sp."
"biology","species richness","Entomoneis punctulata [presence]",
"biology","species richness","Entomoneis sp. [presence]","Entomoneis sp."
"biology","species richness","Entomoneis subsalina [presence]",
"biology","species richness","Ephemera sp. [presence]",
"biology","species richness","Eucampia groenlandica [presence]",
"biology","species richness","Eucampia sp. [presence]","Eucampia sp."
"biology","species richness","Eucampia zodiacus [presence]",
"biology","species richness","Euglenozoid sp. [presence]",
"biology","species richness","Favella serrata [presence]",
"biology","species richness","Fragilaria cf sopotensis [presence]",
"biology","species richness","Fragilaria fasciculata [presence]",
"biology","species richness","Fragilaria sp. [presence]","Fragilaria sp."
"biology","species richness","Fragilaria striatula [presence]",
"biology","species richness","Fragilariopsis atlanticus [presence]",
"biology","species richness","Fragilariopsis oceanica [presence]",
"biology","species richness","Fragilariopsis reginae-jahniae [presence]",
"biology","species richness","Gadus morhua [presence]",
"biology","species richness","Gadus ogac [presence]",
"biology","species richness","Gomphonemopsis sp. [presence]",
"biology","species richness","Gonyaulux sp. [presence]",
"biology","species richness","Gonyaulux spinifera [presence]",
"biology","species richness","Gonyaulux triacanthe [presence]",
"biology","species richness","Gonyaulux verior [presence]",
"biology","species richness","Grammatophora angulosa  [presence]",
"biology","species richness","Grammatophora arctica [presence]",
"biology","species richness","Grammatophora arcuatum [presence]",
"biology","species richness","Grammatophora islandica [presence]",
"biology","species richness","Grammatophora oceanica [presence]",
"biology","species richness","Guinardia delicatula [presence]",
"biology","species richness","Guinardia sp. [presence]","Guinardia sp."
"biology","species richness","Guinardina delicatula [presence]",
"biology","species richness","Gyrosigma arcuatum [presence]",
"biology","species richness","Gyrosigma coelophilum [presence]",
"biology","species richness","Gyrosigma fasciola [presence]",
"biology","species richness","Gyrosigma sp. [presence]","Gyrosigma sp."
"biology","species richness","Helicostomella fusiformis [presence]",
"biology","species richness","Helicostomella sp. [presence]","Helicostomella sp."
"biology","species richness","Helicostomella subulata [presence]",
"biology","species richness","Heliozoa [presence]",
"biology","species richness","Heliozoa sp. [presence]",
"biology","species richness","Heterosigma sp. [presence]","Heterosigma sp."
"biology","species richness","Hippoglossoides platessoides [presence]",
"biology","species richness","Hyalinella sp. [presence]",
"biology","species richness","Lauderia sp. [presence]","Lauderia sp."
"biology","species richness","Leprotintinnus pellucidus [presence]",
"biology","species richness","Leptagonus decagonus [presence]",
"biology","species richness","Leptochlinus maculatus [presence]",
"biology","species richness","Leptocylindrus danicus [presence]",
"biology","species richness","Leptocylindrus minimus [presence]",
"biology","species richness","Leptocylindrus sp. [presence]","Leptocylindrus sp."
"biology","species richness","Liparis gibbus [presence]",
"biology","species richness","Liparis sp. [presence]","Liparis sp."
"biology","species richness","Lochmaniella oviformis [presence]",
"biology","species richness","Lumpenus lampretaeformis [presence]",
"biology","species richness","Lyrella david-manii [presence]",
"biology","species richness","Lyrella praetexta [presence]",
"biology","species richness","Lyrella sp. [presence]","Lyrella sp."
"biology","species richness","Mallotus villosus [presence]",
"biology","species richness","Melosira arctica [presence]",
"biology","species richness","Melosira moniliformis [presence]",
"biology","species richness","Melosira sp. [presence]","Melosira sp."
"biology","species richness","Myoxocephalus scorpius [presence]",
"biology","species richness","Myoxycephalus scorpius [presence]",
"biology","species richness","Navicula cancellata [presence]",
"biology","species richness","Navicula cf pelagica [presence]",
"biology","species richness","Navicula digitoradiata [presence]",
"biology","species richness","Navicula directa [presence]",
"biology","species richness","Navicula distans [presence]",
"biology","species richness","Navicula granii [presence]",
"biology","species richness","Navicula kariana [presence]",
"biology","species richness","Navicula pelagica [presence]",
"biology","species richness","Navicula septentrionalis [presence]",
"biology","species richness","Navicula transitans [presence]",
"biology","species richness","Navicula vanhoeffenii [presence]",
"biology","species richness","Nitzschia distans [presence]",
"biology","species richness","Nitzschia frigida [presence]",
"biology","species richness","Nitzschia hybrida [presence]",
"biology","species richness","Nitzschia longissima [presence]",
"biology","species richness","Nitzschia promare [presence]",
"biology","species richness","Odontella aurita [presence]",
"biology","species richness","Oscilatoria sp. [presence]",
"biology","species richness","Parafavella denticulata [presence]",
"biology","species richness","Paralia sulcata [presence]",
"biology","species richness","Parlibellus delognei [presence]",
"biology","species richness","Pauliella taeniata [presence]",
"biology","species richness","Peridiniella catenata [presence]",
"biology","species richness","Phaeois sp. [presence]",
"biology","species richness","Pholidae sp. [presence]",
"biology","species richness","Pholis fasciatus [presence]",
"biology","species richness","Pholis gunellus [presence]",
"biology","species richness","Pholis sp. [presence]",
"biology","species richness","Pinnularia trevelyana [presence]",
"biology","species richness","Plagiogramma staurophorum [presence]",
"biology","species richness","Plagiotropis sp. [presence]","Plagiotropis sp."
"biology","species richness","Pleurosigma directa [presence]",
"biology","species richness","Pleurosigma normanii [presence]",
"biology","species richness","Pleurosigma sp. [presence]","Pleurosigma sp."
"biology","species richness","Pleurosigma/Gyrosigma sp. [presence]",
"biology","species richness","Podosira sp. [presence]","Podosira sp."
"biology","species richness","Porosira glacialis [presence]",
"biology","species richness","Proboscia alata [presence]",
"biology","species richness","Proboscia sp. [presence]","Proboscia sp."
"biology","species richness","Proboscia subarctica [presence]",
"biology","species richness","Prorocentrum gracile  [presence]",
"biology","species richness","Prorocentrum micans [presence]",
"biology","species richness","Protoceratium reticulatum [presence]",
"biology","species richness","Protoperidinium americanum [presence]",
"biology","species richness","Protoperidinium breve [presence]",
"biology","species richness","Protoperidinium cf pellucidum [presence]",
"biology","species richness","Protoperidinium curtipes [presence]",
"biology","species richness","Protoperidinium depressum [presence]",
"biology","species richness","Protoperidinium divergens [presence]",
"biology","species richness","Protoperidinium granii [presence]",
"biology","species richness","Protoperidinium meunieri [presence]",
"biology","species richness","Protoperidinium oblongum [presence]",
"biology","species richness","Protoperidinium oceanicum [presence]",
"biology","species richness","Protoperidinium ovalis [presence]",
"biology","species richness","Protoperidinium ovatum [presence]",
"biology","species richness","Protoperidinium quarnerense [presence]",
"biology","species richness","Protoperidinium steinii [presence]",
"biology","species richness","Psammodiscus nitidus [presence]",
"biology","species richness","Pseudogomphonema sp. [presence]","Pseudogomphonema sp."
"biology","species richness","Pseudonitzschia cf granii [presence]",
"biology","species richness","Pseudonitzschia cf seriata [presence]",
"biology","species richness","Pseudonitzschia delicatissima [presence]",
"biology","species richness","Pseudonitzschia obtusa [presence]",
"biology","species richness","Pseudonitzschia seriata [presence]",
"biology","species richness","Pseudonitzschia sp. [presence]",
"biology","species richness","Pseudopedinella sp. [presence]",
"biology","species richness","Pseudosolenia calcar-avis [presence]",
"biology","species richness","Pterosperma sp. [presence]","Pterosperma sp."
"biology","species richness","Pyrophacus sp. [presence]","Pyrophacus sp."
"biology","species richness","Radiolaria [presence]","Radiolaria"
"biology","species richness","Radiolaria sp. [presence]",
"biology","species richness","Rhabdonema arcuatum [presence]",
"biology","species richness","Rhizosolenia borealis [presence]",
"biology","species richness","Rhizosolenia cf hebetata [presence]",
"biology","species richness","Rhizosolenia hebetata [presence]",
"biology","species richness","Rhizosolenia hebetata fo. hebetata [presence]",
"biology","species richness","Rhizosolenia hebetata fo. semispina [presence]",
"biology","species richness","Rhizosolenia setigera [presence]",
"biology","species richness","Rhizosolenia sp. [presence]","Rhizosolenia sp."
"biology","species richness","Rhizosolenia styliformis [presence]",
"biology","species richness","Rhoicosigma sp. [presence]","Rhoicosigma sp."
"biology","species richness","Rhoicosphenia genuflexa [presence]",
"biology","species richness","Rhopalodia arcuatum [presence]",
"biology","species richness","S. latissima [presence]",
"biology","species richness","Salpingella acuminata [presence]",
"biology","species richness","Scuticociliatida [presence]",
"biology","species richness","Sebastes sp. [presence]",
"biology","species richness","Skeletonema costatum [presence]",
"biology","species richness","Skeletonema grethae [presence]",
"biology","species richness","Skeletonema marinoi [presence]",
"biology","species richness","Skeletonema sp. [presence]","Skeletonema sp."
"biology","species richness","Stenosemella sp. [presence]","Stenosemella sp."
"biology","species richness","Stenosemella ventricosa [presence]",
"biology","species richness","Stenosomella ventricosa [presence]",
"biology","species richness","Stichaeus punctatus [presence]",
"biology","species richness","Striatella unipuctata [presence]",
"biology","species richness","Strombidium sp. [presence]","Strombidium sp."
"biology","species richness","Synedra gaillonii [presence]",
"biology","species richness","Synedra kamtschaticum [presence]",
"biology","species richness","Synedra sp. [presence]","Synedra sp."
"biology","species richness","Synedra tabulata [presence]",
"biology","species richness","Synedropsis hyperborea [presence]",
"biology","species richness","Synedropsis sp. [presence]","Synedropsis sp."
"biology","species richness","Thalasiosira rotula [presence]",
"biology","species richness","Thalassionema nitzschioides [presence]",
"biology","species richness","Thalassiosira angulata [presence]",
"biology","species richness","Thalassiosira anguste-lineata [presence]",
"biology","species richness","Thalassiosira antarctica var. borealis [presence]",
"biology","species richness","Thalassiosira bioculata [presence]",
"biology","species richness","Thalassiosira cf angulata [presence]",
"biology","species richness","Thalassiosira cf constricta [presence]",
"biology","species richness","Thalassiosira cf delicatula [presence]",
"biology","species richness","Thalassiosira constricta [presence]",
"biology","species richness","Thalassiosira delicatula [presence]",
"biology","species richness","Thalassiosira eccentrica [presence]",
"biology","species richness","Thalassiosira gravida [presence]",
"biology","species richness","Thalassiosira hyalina [presence]",
"biology","species richness","Thalassiosira hyperborea [presence]",
"biology","species richness","Thalassiosira kushirensis [presence]",
"biology","species richness","Thalassiosira minuscula [presence]",
"biology","species richness","Thalassiosira oestrupii [presence]",
"biology","species richness","Thalassiosira punctigera [presence]",
"biology","species richness","Thalassiosira rotula [presence]",
"biology","species richness","Thalassiothrix sp. [presence]","Thalassiothrix sp."
"biology","species richness","Tinntinopsis beroidea [presence]",
"biology","species richness","Tinntinopsis campanula [presence]",
"biology","species richness","Tinntinopsis parvula [presence]",
"biology","species richness","Tinntinopsis sp. [presence]",
"biology","species richness","Trachyneis aspera [presence]",
"biology","species richness","Trachyneis sp. [presence]","Trachyneis sp."
"biology","species richness","Triglops murrayi [presence]",
"biology","species richness","Boreogadus saida [presence] [presence]",
"biology","species richness","Brosme brosme [presence] [presence]",
"biology","species richness","Clupea harengus [presence] [presence]",
"biology","species richness","Cyclopterus lumpus [presence] [presence]",
"biology","species richness","Gadus morhua [presence] [presence]",
"biology","species richness","Hippoglossus hippoglossus [presence] [presence]",
"biology","species richness","Lophius piscatorius [presence] [presence]",
"biology","species richness","Mallotus villosus [presence] [presence]",
"biology","species richness","Melanogrammus aeglefinus [presence] [presence]",
"biology","species richness","Merlangius merlangus [presence] [presence]",
"biology","species richness","Micromesistius poutassou [presence] [presence]",
"biology","species richness","Molva molva [presence] [presence]",
"biology","species richness","Pandalus borealis [presence] [presence]",
"biology","species richness","Paralithodes camtschatica [presence] [presence]",
"biology","species richness","Paralithodes camtschaticus [presence]",
"biology","species richness","Pollachius virens [presence] [presence]",
"biology","species richness","Reinhardtius hippoglossoides [presence] [presence]",
"biology","species richness","Sebastes marinus [presence] [presence]",
"biology","species richness","Sebastes mentella [presence] [presence]",
"biology","species richness","Sprattus sprattus [presence] [presence]",
"biology","species richness","Achnantes groenlandica [presence]",
"biology","species richness","Actinocyclus circellus [presence]",
"biology","species richness","Actinocyclus subtilissima [presence]",
"biology","species richness","Actinocyclus tenuissimus [presence]",
"biology","species richness","Alexandrium ostenfeldii [presence]",
"biology","species richness","Amphidium sp. [presence]",
"biology","species richness","Atteya cf spetentrionalis [presence]",
"biology","species richness","Attheya longicornis [presence]",
"biology","species richness","Attheya sptentrionalis [presence]",
"biology","species richness","Bacteriosira sp. [presence]","Bacteriosira sp."
"biology","species richness","centric diatomsrmined [presence]",
"biology","species richness","Centric diatomsrmined [presence]",
"biology","species richness","Centricae [presence]","Centricae"
"biology","species richness","Ceratium longipes [presence]",
"biology","species richness","cf Phaeois sp. [presence]",
"biology","species richness","Chaetoceros affinis var. willei [presence]",
"biology","species richness","Chaetoceros cf eibenii [presence]",
"biology","species richness","Chaetoceros cf socialis [presence]",
"biology","species richness","Chaetoceros didymus [presence]",
"biology","species richness","Chaetoceros subtilis [presence]",
"biology","species richness","Chaetoceros weissflogii [presence]",
"biology","species richness","Chetoceros decipiens [presence]",
"biology","species richness","Ciliata sp. [presence]",
"biology","species richness","Ciliophora sp. [presence]",
"biology","species richness","Coconeis sp. [presence]",
"biology","species richness","Cryptomonas [presence]",
"biology","species richness","Dictiocha speculum [presence]",
"biology","species richness","Dictyocha specullum [presence]",
"biology","species richness","Didynium cf gargantua [presence]",
"biology","species richness","Dinobrion baltica [presence]",
"biology","species richness","Dinobrion balticum [presence]",
"biology","species richness","Dinobrion sp. [presence]",
"biology","species richness","Dinobryon baltica [presence]",
"biology","species richness","Dinoflagellata sp. [presence]",
"biology","species richness","Dinophysis cf acumianta [presence]",
"biology","species richness","Diploneis bombus [presence]",
"biology","species richness","Diploneis cf smithii [presence]",
"biology","species richness","Diploneis cf. smithii [presence]",
"biology","species richness","Dipploneis littoralis [presence]",
"biology","species richness","Dipploneis sp. [presence]",
"biology","species richness","Entomoneis paludosa [presence]",
"biology","species richness","Euglenoid sp. [presence]",
"biology","species richness","Fallacia sp. [presence]","Fallacia sp."
"biology","species richness","Favella sp. [presence]","Favella sp."
"biology","species richness","Flagelate [presence]",
"biology","species richness","Flagellate [presence]",
"biology","species richness","Fossula arctica [presence]",
"biology","species richness","Fragilariopsis cf cylindrus [presence]",
"biology","species richness","Fragilariopsis cf oceanica [presence]",
"biology","species richness","Fragilariopsis reginea-jahniae [presence]",
"biology","species richness","Fragilaripsis sp. [presence]",
"biology","species richness","Fragilaropsis sp. [presence]",
"biology","species richness","Gen. et sp. nonident [presence]",
"biology","species richness","Gymnodinium aff. aestuariale [presence]",
"biology","species richness","Gymnodinium cf arcticum [presence]",
"biology","species richness","Gymnodinium/Gyrodinium sp. [presence]",
"biology","species richness","Gyrodinium/Gymnodinium sp. [presence]",
"biology","species richness","Gyrosigma tenuissimum [presence]",
"biology","species richness","Katodinium sp. [presence]","Katodinium sp."
"biology","species richness","Licomophora gracilis [presence]",
"biology","species richness","Navicula cf cariana [presence]",
"biology","species richness","Navicula cf septentrionalis [presence]",
"biology","species richness","Navicula cf vanhoeffenii [presence]",
"biology","species richness","Navicula cf vanhoffenii [presence]",
"biology","species richness","Navicula transitrans [presence]",
"biology","species richness","Navicula transitrans var derasa f. delicatula [presence]",
"biology","species richness","Navicula vanhofenii [presence]",
"biology","species richness","Navicula vanhoffenii [presence]",
"biology","species richness","Naviculoid [presence]","Diatoms, naviculoid taxa"
"biology","species richness","Naviculoid cells in ribbon [presence]",
"biology","species richness","Naviculoid small [presence]",
"biology","species richness","Nitzscha closterium [presence]",
"biology","species richness","Nitzschia cf frigida [presence]",
"biology","species richness","Nitzschia cf promare [presence]",
"biology","species richness","Nitzschia closterium [presence]",
"biology","species richness","Nitzschia frygida [presence]",
"biology","species richness","Odontella cf aurita [presence]",
"biology","species richness","Parafavella cf denticulata [presence]",
"biology","species richness","Parafavella sp. [presence]","Parafavella sp."
"biology","species richness","pennate diatomsrmined [presence]",
"biology","species richness","Petoneis sp. [presence]",
"biology","species richness","Phaeois cf globosa [presence]",
"biology","species richness","Porosira sp. [presence]","Porosira sp."
"biology","species richness","Proboscia/Rhizosolenia sp. [presence]",
"biology","species richness","Protoperidimium pellucidum [presence]",
"biology","species richness","Protoperidinium cf divergens [presence]",
"biology","species richness","Protoperidinium cf. curtipes [presence]",
"biology","species richness","Protoperidinium reticulatum [presence]",
"biology","species richness","Protopsis sp. [presence]",
"biology","species richness","Protozoa [presence]","Protozoa"
"biology","species richness","pseudogomphonema sp. [presence]",
"biology","species richness","Pseudonitzschia sp. (seriata group) [presence]",
"biology","species richness","Rhisosolenia sp. [presence]",
"biology","species richness","Rhoicosphenia abbreviata [presence]",
"biology","species richness","Risosolenia sp. [presence]",
"biology","species richness","Strombidium cf. conicum [presence]",
"biology","species richness","Synedropsis cf hyperborea [presence]",
"biology","species richness","Synedropsis hypeborea [presence]",
"biology","species richness","Tabellaria sp. [presence]","Tabellaria sp."
"biology","species richness","Tabularia sp. [presence]","Tabularia sp."
"biology","species richness","Thalasiosira sp. [presence]",
"biology","species richness","Thalasiossira cf antarctica [presence]",
"biology","species richness","Thalasiossira sp. [presence]",
"biology","species richness","Thalassiosira antarctica var. borealis/gravida [presence]",
"biology","species richness","Thalassiosira cf rotula [presence]",
"biology","species richness","Thalassiosira nordenskieldii [presence]",
"biology","species richness","Thalassiotrix sp. [presence]",
"biology","species richness","Tinntinopsis cf beroidea [presence]",
"chemistry","carbonate chemistry","pCO2water_SST_wet [µatm]","Partial pressure of carbon dioxide (water) at sea surface temperature (wet air)"
"chemistry","carbonate chemistry","pH [unknown scale]","pH"
"chemistry","carbonate chemistry","pH in situ [total scale]",
"chemistry","carbonate chemistry","TA [µmol/kg]","Temperature, annular"
"chemistry","carbonate chemistry","pCO2 [µatm]","Carbon dioxide, partial pressure"
"chemistry","carbonate chemistry","pCO2_calc [µatm]",
"chemistry","carbonate chemistry","CaCO3 [%]","Calcium carbonate"
"chemistry","carbonate chemistry","CaCO3 [%]","Calcium carbonate, mass"
"chemistry","nutrients","NO2 [µmol/l]","Nitrogen dioxide"
"chemistry","nutrients","NO3+NO2 [µmol/l]",
"chemistry","nutrients","PO4 [µmol/l]","Phosphate"
"chemistry","nutrients","PO4 [µmol/l]","Phosphate in air"
"chemistry","nutrients","PO4 [µmol/l]","Phosphate per area"
"chemistry","nutrients","NH4 [µmol/l]","Ammonium"
"chemistry","nutrients","NO3 [µmol/l]","Nitrate"
"chemistry","nutrients","NO3 [µmol/l]","Nitrate per area"
"chemistry","nutrients","SiO4 [µmol/l]","Silicate"
"chemistry","nutrients","SiO4 [µmol/l]","Silicate in air"
"cryosphere","glacier mass balance","ablation [m w.e.]",
"cryosphere","glacier mass balance","area_1936 [m^2]",
"cryosphere","glacier mass balance","area_2010 [m^2]",
"cryosphere","glacier mass balance","area_one_sigma_1936 [m^2]",
"cryosphere","glacier mass balance","area_one_sigma_2010 [m^2]",
"cryosphere","glacier mass balance","slope_1936",
"cryosphere","glacier mass balance","volume_1936 [m^3]",
"cryosphere","glacier mass balance","volume_2010 [m^3]",
"cryosphere","glacier mass balance","area_1990 [m^2]",
"cryosphere","glacier mass balance","area_one_sigma_1990 [m^2]",
"cryosphere","glacier mass balance","slope_1990",
"cryosphere","glacier mass balance","volume_1990 [m^3]",
"cryosphere","glacier mass balance","slope_2010",
"cryosphere","glacier mass balance","glacier ice area rate [km2 yr-1]",
"cryosphere","glacier mass balance","glacier ice surface velocity [m yr-1]",
"cryosphere","glacier mass balance","glacier ice thickness flux gate [m]",
"cryosphere","glacier mass balance","glacier ice thickness front [m]",
"cryosphere","glacier mass balance","glacier mass balance ablation [Gt yr-1]",
"cryosphere","glacier mass balance","glacier mass balance calving [Gt yr-1]",
"cryosphere","glacier mass balance","glacier mass balance front [Gt yr-1]",
"cryosphere","glacier mass balance","cumulative mass balance [m]",
"cryosphere","glacier mass balance","Net balance [m]",
"cryosphere","glacier mass balance","Summer balance [m]",
"cryosphere","glacier mass balance","Winter balance [m]",
"cryosphere","glacier mass balance","Glac w [km]","Glacier width"
"cryosphere","terrestrial runoff","Q [m3/s]","Bioirrigation activity"
"cryosphere","terrestrial runoff","Q [m3/s]","Discharge"
"cryosphere","terrestrial runoff","Q [m3/s]","Discharge, average per year"
"cryosphere","terrestrial runoff","Q [m3/s]","Efficiency of utilization"
"cryosphere","terrestrial runoff","Q [m3/s]","Flow rate"
"cryosphere","terrestrial runoff","Q [m3/s]","Flow rate, daily mean"
"cryosphere","terrestrial runoff","Q [m3/s]","Quadrupole mass-to-charge ratio"
"cryosphere","terrestrial runoff","Q [m3/s]","Relative fluorescence intensity, ratio"
"cryosphere","terrestrial runoff","Q [m3/s]","River discharge"
"cryosphere","terrestrial runoff","Q [m3/s]","River discharge, 30 minute mean"
"cryosphere","sea ice","sea ice cover [proportion]",
"cryosphere","sea ice","sea ice cover Jan [annual proportion trend]",
"cryosphere","sea ice","sea ice cover Jan [annual proportion trend p-value]",
"cryosphere","sea ice","sea ice cover Jan [mean proportion]",
"cryosphere","sea ice","sea ice cover Jan [SD proportion]",
"cryosphere","sea ice","sea ice cover Feb [annual proportion trend]",
"cryosphere","sea ice","sea ice cover Feb [annual proportion trend p-value]",
"cryosphere","sea ice","sea ice cover Feb [mean proportion]",
"cryosphere","sea ice","sea ice cover Feb [SD proportion]",
"cryosphere","sea ice","sea ice cover Mar [annual proportion trend]",
"cryosphere","sea ice","sea ice cover Mar [annual proportion trend p-value]",
"cryosphere","sea ice","sea ice cover Mar [mean proportion]",
"cryosphere","sea ice","sea ice cover Mar [SD proportion]",
"cryosphere","sea ice","sea ice cover Apr [annual proportion trend]",
"cryosphere","sea ice","sea ice cover Apr [annual proportion trend p-value]",
"cryosphere","sea ice","sea ice cover Apr [mean proportion]",
"cryosphere","sea ice","sea ice cover Apr [SD proportion]",
"cryosphere","sea ice","sea ice cover May [annual proportion trend]",
"cryosphere","sea ice","sea ice cover May [annual proportion trend p-value]",
"cryosphere","sea ice","sea ice cover May [mean proportion]",
"cryosphere","sea ice","sea ice cover May [SD proportion]",
"cryosphere","sea ice","sea ice cover Jun [annual proportion trend]",
"cryosphere","sea ice","sea ice cover Jun [annual proportion trend p-value]",
"cryosphere","sea ice","sea ice cover Jun [mean proportion]",
"cryosphere","sea ice","sea ice cover Jun [SD proportion]",
"cryosphere","sea ice","sea ice cover Jul [annual proportion trend]",
"cryosphere","sea ice","sea ice cover Jul [annual proportion trend p-value]",
"cryosphere","sea ice","sea ice cover Jul [mean proportion]",
"cryosphere","sea ice","sea ice cover Jul [SD proportion]",
"cryosphere","sea ice","sea ice cover Aug [annual proportion trend]",
"cryosphere","sea ice","sea ice cover Aug [annual proportion trend p-value]",
"cryosphere","sea ice","sea ice cover Aug [mean proportion]",
"cryosphere","sea ice","sea ice cover Aug [SD proportion]",
"cryosphere","sea ice","sea ice cover Sep [annual proportion trend]",
"cryosphere","sea ice","sea ice cover Sep [annual proportion trend p-value]",
"cryosphere","sea ice","sea ice cover Sep [mean proportion]",
"cryosphere","sea ice","sea ice cover Sep [SD proportion]",
"cryosphere","sea ice","sea ice cover Oct [annual proportion trend]",
"cryosphere","sea ice","sea ice cover Oct [annual proportion trend p-value]",
"cryosphere","sea ice","sea ice cover Oct [mean proportion]",
"cryosphere","sea ice","sea ice cover Oct [SD proportion]",
"cryosphere","sea ice","sea ice cover Nov [annual proportion trend]",
"cryosphere","sea ice","sea ice cover Nov [annual proportion trend p-value]",
"cryosphere","sea ice","sea ice cover Nov [mean proportion]",
"cryosphere","sea ice","sea ice cover Nov [SD proportion]",
"cryosphere","sea ice","sea ice cover Dec [annual proportion trend]",
"cryosphere","sea ice","sea ice cover Dec [annual proportion trend p-value]",
"cryosphere","sea ice","sea ice cover Dec [mean proportion]",
"cryosphere","sea ice","sea ice cover Dec [SD proportion]",
"cryosphere","sea ice","EsEs acc [cm]","Thickness of ice accretion"
"cryosphere","sea ice","ice cover [%]",
"cryosphere","sea ice","ice area [km2]",
"cryosphere","sea ice","EsEs [m]","Sea ice thickness"
"cryosphere","sea ice","Ice conc [tenths]","Ice concentration"
"cryosphere","sea ice","Ice cov [%]","Ice coverage"
"cryosphere","sea ice","Ice cov [%]","Ice cover duration"
"cryosphere","sea ice","IP [km**3/day]","Sea ice production"
"cryosphere","sea ice","Open water [annual days]","Open water"
"cryosphere","sea ice","Open water [annual days]","Open water type"
"cryosphere","sea ice","Open water [start date]","Open water"
"cryosphere","sea ice","Open water [start date]","Open water type"
"cryosphere","sea ice","Open water [end date]","Open water"
"cryosphere","sea ice","Open water [end date]","Open water type"
"cryosphere","sea ice","Sea ice thickness [cm]",
"physics","light","PAR [µmol m-2 s-1]","Radiation, photosynthetically active"
"physics","light","PAR [µmol m-2 s-1]","Radiation, photosynthetically active per day"
"physics","light","UV-A [W*m^2]",
"physics","light","UV-B [W*m^2]",
"physics","salinity","sal",
"physics","salinity","sal_pco2",
"physics","seawater temperature","temp [°C]",
"physics","seawater temperature","temp_pco2 [°C]",
"social","fisheries","berths [n; mean]",
"social","fisheries","berths [n; sum]",
"social","fisheries","Calls [Cargo boats]",
"social","fisheries","Calls [Fishing boats]",
"social","fisheries","Calls [Navy / Coast Guard]",
"social","fisheries","Calls [Other vessels]",
"social","fisheries","Calls [Pilot boat]",
"social","fisheries","Calls [Polar / Nordsyssel]",
"social","fisheries","Calls [Teaching / research]",
"social","fisheries","CO2 emissions in port [tonnes; mean]",
"social","fisheries","CO2 emissions in port [tonnes; sum]",
"social","fisheries","CO2 emissions total [tonnes; mean]",
"social","fisheries","CO2 emissions total [tonnes; sum]",
"social","fisheries","duration [hours; mean]",
"social","fisheries","duration [hours; sum]",
"social","fisheries","duration in port [hours; mean]",
"social","fisheries","duration in port [hours; sum]",
"social","fisheries","Fuel in port [tonnes; mean]",
"social","fisheries","Fuel in port [tonnes; sum]",
"social","fisheries","Fuel propulsion [tonnes; mean]",
"social","fisheries","Fuel propulsion [tonnes; sum]",
"social","fisheries","gross weight [mean]",
"social","fisheries","gross weight [sum]",
"social","fisheries","nautical miles [mean]",
"social","fisheries","nautical miles [sum]",
"social","fisheries","NOx emissions in port [tonnes; mean]",
"social","fisheries","NOx emissions in port [tonnes; sum]",
"social","fisheries","NOx emissions total [tonnes; mean]",
"social","fisheries","NOx emissions total [tonnes; sum]",
"social","fisheries","PM emissions in port [tonnes; mean]",
"social","fisheries","PM emissions in port [tonnes; sum]",
"social","fisheries","PM emissions total [tonnes; mean]",
"social","fisheries","PM emissions total [tonnes; sum]",
"social","fisheries","Power in port [GWh; mean]",
"social","fisheries","Power in port [GWh; sum]",
"social","fisheries","Power in port [tonnes; sum]",
"social","fisheries","Power total [GWh; mean]",
"social","fisheries","Power total [GWh; sum]",
"social","fisheries","SOx emissions in port [tonnes; mean]",
"social","fisheries","SOx emissions in port [tonnes; sum]",
"social","fisheries","SOx emissions total [tonnes; mean]",
"social","fisheries","SOx emissions total [tonnes; sum]",
"social","fisheries","Tonnage [Total gross]",
"social","fisheries","Total fuel [tonnes; mean]",
"social","fisheries","Total fuel [tonnes; sum]",
"social","fisheries","trips [n]",
"social","fisheries","Vessels [calls]",
"social","fisheries","Vessels [Cargo]",
"social","fisheries","Vessels [Coast Guard/Governor]",
"social","fisheries","Vessels [Research vessel]",
"social","tourism","Calls [Cruise boats (overseas)]",
"social","tourism","Calls [Tourist boats (expedition cruise)]",
"social","tourism","Calls [Day trip boats (local boats)]",
"social","tourism","Calls [Day trip boats (12 PAX RIB mm)]",
"social","tourism","Calls [Pleasure boats (Sail charter engine)]",
"social","tourism","Days in port [Cruise boats]",
"social","tourism","Days in port [Tourist boats (expedition cruise)]",
"social","tourism","Days in port [Pleasure boats]",
"social","tourism","Passengers [Cruise boats]",
"social","tourism","Passengers [Tourist boats (expedition cruise)]",
"social","tourism","Tourist arrivals [count]",
"social","tourism","Vessels [Passenger ship ISPS]",
"social","tourism","Vessels [Passenger ship]",
